label,region,R,G,B,A
0,Unknown,0.0,0.0,0.0,0
1,Left-Cerebral-Exterior,0.2734375,0.5078125,0.703125,1
2,Left-Cerebral-White-Matter,0.95703125,0.95703125,0.95703125,1
3,Left-Cerebral-Cortex,0.80078125,0.2421875,0.3046875,1
4,Left-Lateral-Ventricle,0.46875,0.0703125,0.5234375,1
5,Left-Inf-Lat-Vent,0.765625,0.2265625,0.9765625,1
6,Left-Cerebellum-Exterior,0.0,0.578125,0.0,1
7,Left-Cerebellum-White-Matter,0.859375,0.96875,0.640625,1
8,Left-Cerebellum-Cortex,0.8984375,0.578125,0.1328125,1
9,Left-Thalamus-unused,0.0,0.4609375,0.0546875,1
10,Left-Thalamus,0.0,0.4609375,0.0546875,1
11,Left-Caudate,0.4765625,0.7265625,0.859375,1
12,Left-Putamen,0.921875,0.05078125,0.6875,1
13,Left-Pallidum,0.046875,0.1875,0.99609375,1
14,3rd-Ventricle,0.796875,0.7109375,0.5546875,1
15,4th-Ventricle,0.1640625,0.796875,0.640625,1
16,Brain-Stem,0.46484375,0.62109375,0.6875,1
17,Left-Hippocampus,0.859375,0.84375,0.078125,1
18,Left-Amygdala,0.40234375,0.99609375,0.99609375,1
19,Left-Insula,0.3125,0.765625,0.3828125,1
20,Left-Operculum,0.234375,0.2265625,0.8203125,1
21,Line-1,0.234375,0.2265625,0.8203125,1
22,Line-2,0.234375,0.2265625,0.8203125,1
23,Line-3,0.234375,0.2265625,0.8203125,1
24,CSF,0.234375,0.234375,0.234375,1
25,Left-Lesion,0.99609375,0.64453125,0.0,1
26,Left-Accumbens-area,0.99609375,0.64453125,0.0,1
27,Left-Substancia-Nigra,0.0,0.99609375,0.49609375,1
28,Left-VentralDC,0.64453125,0.1640625,0.1640625,1
29,Left-undetermined,0.52734375,0.8046875,0.91796875,1
30,Left-vessel,0.625,0.125,0.9375,1
31,Left-choroid-plexus,0.0,0.78125,0.78125,1
32,Left-F3orb,0.390625,0.1953125,0.390625,1
33,Left-lOg,0.52734375,0.1953125,0.2890625,1
34,Left-aOg,0.4765625,0.52734375,0.1953125,1
35,Left-mOg,0.19921875,0.1953125,0.52734375,1
36,Left-pOg,0.2890625,0.60546875,0.234375,1
37,Left-Stellate,0.46875,0.2421875,0.16796875,1
38,Left-Porg,0.2890625,0.60546875,0.234375,1
39,Left-Aorg,0.4765625,0.52734375,0.1953125,1
40,Right-Cerebral-Exterior,0.2734375,0.5078125,0.703125,1
41,Right-Cerebral-White-Matter,0.95703125,0.95703125,0.95703125,1
42,Right-Cerebral-Cortex,0.80078125,0.2421875,0.3046875,1
43,Right-Lateral-Ventricle,0.46875,0.0703125,0.5234375,1
44,Right-Inf-Lat-Vent,0.765625,0.2265625,0.9765625,1
45,Right-Cerebellum-Exterior,0.0,0.578125,0.0,1
46,Right-Cerebellum-White-Matter,0.859375,0.96875,0.640625,1
47,Right-Cerebellum-Cortex,0.8984375,0.578125,0.1328125,1
48,Right-Thalamus-unused,0.0,0.4609375,0.0546875,1
49,Right-Thalamus,0.0,0.4609375,0.0546875,1
50,Right-Caudate,0.4765625,0.7265625,0.859375,1
51,Right-Putamen,0.921875,0.05078125,0.6875,1
52,Right-Pallidum,0.05078125,0.1875,0.99609375,1
53,Right-Hippocampus,0.859375,0.84375,0.078125,1
54,Right-Amygdala,0.40234375,0.99609375,0.99609375,1
55,Right-Insula,0.3125,0.765625,0.3828125,1
56,Right-Operculum,0.234375,0.2265625,0.8203125,1
57,Right-Lesion,0.99609375,0.64453125,0.0,1
58,Right-Accumbens-area,0.99609375,0.64453125,0.0,1
59,Right-Substancia-Nigra,0.0,0.99609375,0.49609375,1
60,Right-VentralDC,0.64453125,0.1640625,0.1640625,1
61,Right-undetermined,0.52734375,0.8046875,0.91796875,1
62,Right-vessel,0.625,0.125,0.9375,1
63,Right-choroid-plexus,0.0,0.78125,0.86328125,1
64,Right-F3orb,0.390625,0.1953125,0.390625,1
65,Right-lOg,0.52734375,0.1953125,0.2890625,1
66,Right-aOg,0.4765625,0.52734375,0.1953125,1
67,Right-mOg,0.19921875,0.1953125,0.52734375,1
68,Right-pOg,0.2890625,0.60546875,0.234375,1
69,Right-Stellate,0.46875,0.2421875,0.16796875,1
70,Right-Porg,0.2890625,0.60546875,0.234375,1
71,Right-Aorg,0.4765625,0.52734375,0.1953125,1
72,5th-Ventricle,0.46875,0.7421875,0.5859375,1
73,Left-Interior,0.4765625,0.52734375,0.1953125,1
74,Right-Interior,0.4765625,0.52734375,0.1953125,1
77,WM-hypointensities,0.78125,0.2734375,0.99609375,1
78,Left-WM-hypointensities,0.99609375,0.578125,0.0390625,1
79,Right-WM-hypointensities,0.99609375,0.578125,0.0390625,1
80,non-WM-hypointensities,0.640625,0.421875,0.8828125,1
81,Left-non-WM-hypointensities,0.640625,0.421875,0.8828125,1
82,Right-non-WM-hypointensities,0.640625,0.421875,0.8828125,1
83,Left-F1,0.99609375,0.8515625,0.72265625,1
84,Right-F1,0.99609375,0.8515625,0.72265625,1
85,Optic-Chiasm,0.9140625,0.66015625,0.1171875,1
192,Corpus_Callosum,0.9765625,0.99609375,0.1953125,1
86,Left_future_WMSA,0.78125,0.46875,0.99609375,1
87,Right_future_WMSA,0.78125,0.47265625,0.99609375,1
88,future_WMSA,0.78125,0.4765625,0.99609375,1
96,Left-Amygdala-Anterior,0.80078125,0.0390625,0.48828125,1
97,Right-Amygdala-Anterior,0.80078125,0.0390625,0.48828125,1
98,Dura,0.625,0.125,0.9375,1
99,Lesion,0.99609375,0.64453125,0.0,1
100,Left-wm-intensity-abnormality,0.484375,0.546875,0.6953125,1
101,Left-caudate-intensity-abnormality,0.48828125,0.546875,0.6953125,1
102,Left-putamen-intensity-abnormality,0.4921875,0.546875,0.6953125,1
103,Left-accumbens-intensity-abnormality,0.49609375,0.546875,0.6953125,1
104,Left-pallidum-intensity-abnormality,0.484375,0.55078125,0.6953125,1
105,Left-amygdala-intensity-abnormality,0.484375,0.5546875,0.6953125,1
106,Left-hippocampus-intensity-abnormality,0.484375,0.55859375,0.6953125,1
107,Left-thalamus-intensity-abnormality,0.484375,0.5625,0.6953125,1
108,Left-VDC-intensity-abnormality,0.484375,0.546875,0.69921875,1
109,Right-wm-intensity-abnormality,0.484375,0.546875,0.6953125,1
110,Right-caudate-intensity-abnormality,0.48828125,0.546875,0.6953125,1
111,Right-putamen-intensity-abnormality,0.4921875,0.546875,0.6953125,1
112,Right-accumbens-intensity-abnormality,0.49609375,0.546875,0.6953125,1
113,Right-pallidum-intensity-abnormality,0.484375,0.55078125,0.6953125,1
114,Right-amygdala-intensity-abnormality,0.484375,0.5546875,0.6953125,1
115,Right-hippocampus-intensity-abnormality,0.484375,0.55859375,0.6953125,1
116,Right-thalamus-intensity-abnormality,0.484375,0.5625,0.6953125,1
117,Right-VDC-intensity-abnormality,0.484375,0.546875,0.69921875,1
118,Epidermis,0.99609375,0.078125,0.57421875,1
119,Conn-Tissue,0.80078125,0.69921875,0.54296875,1
120,SC-Fat-Muscle,0.9296875,0.9296875,0.81640625,1
121,Cranium,0.78125,0.78125,0.78125,1
122,CSF-SA,0.2890625,0.99609375,0.2890625,1
123,Muscle,0.9296875,0.0,0.0,1
124,Ear,0.0,0.0,0.54296875,1
125,Adipose,0.67578125,0.99609375,0.18359375,1
126,Spinal-Cord,0.51953125,0.79296875,0.89453125,1
127,Soft-Tissue,0.1015625,0.92578125,0.22265625,1
128,Nerve,0.1328125,0.54296875,0.1328125,1
129,Bone,0.1171875,0.5625,0.99609375,1
130,AirCavity,0.765625,0.625,0.5,1
131,Orbital-Fat,0.9296875,0.23046875,0.23046875,1
132,Tongue,0.86328125,0.15234375,0.78125,1
133,Nasal-Structures,0.9296875,0.6796875,0.9296875,1
134,Globe,0.99609375,0.0,0.0,1
135,Teeth,0.28125,0.23828125,0.54296875,1
136,Left-Caudate-Putamen,0.08203125,0.15234375,0.515625,1
137,Right-Caudate-Putamen,0.08203125,0.15234375,0.515625,1
138,Left-Claustrum,0.25390625,0.52734375,0.078125,1
139,Right-Claustrum,0.25390625,0.52734375,0.078125,1
140,Cornea,0.5234375,0.015625,0.625,1
142,Diploe,0.86328125,0.8828125,0.265625,1
143,Vitreous-Humor,0.99609375,0.99609375,0.9921875,1
144,Lens,0.203125,0.81640625,0.8828125,1
145,Aqueous-Humor,0.93359375,0.625,0.87109375,1
146,Outer-Table,0.2734375,0.5078125,0.703125,1
147,Inner-Table,0.2734375,0.5078125,0.70703125,1
148,Periosteum,0.54296875,0.47265625,0.3671875,1
149,Endosteum,0.875,0.875,0.875,1
150,R-C-S,0.99609375,0.0,0.0,1
151,Iris,0.80078125,0.80078125,0.0,1
152,SC-Adipose-Muscle,0.9296875,0.9296875,0.81640625,1
153,SC-Tissue,0.54296875,0.47265625,0.3671875,1
154,Orbital-Adipose,0.9296875,0.23046875,0.23046875,1
155,Left-IntCapsule-Ant,0.9296875,0.23046875,0.23046875,1
156,Right-IntCapsule-Ant,0.9296875,0.23046875,0.23046875,1
157,Left-IntCapsule-Pos,0.2421875,0.0390625,0.80078125,1
158,Right-IntCapsule-Pos,0.2421875,0.0390625,0.80078125,1
159,Left-Cerebral-WM-unmyelinated,0.0,0.4609375,0.0546875,1
160,Right-Cerebral-WM-unmyelinated,0.0,0.4609375,0.0546875,1
161,Left-Cerebral-WM-myelinated,0.859375,0.84375,0.08203125,1
162,Right-Cerebral-WM-myelinated,0.859375,0.84375,0.08203125,1
163,Left-Subcortical-Gray-Matter,0.4765625,0.7265625,0.859375,1
164,Right-Subcortical-Gray-Matter,0.4765625,0.7265625,0.859375,1
165,Skull,0.46875,0.46875,0.46875,1
166,Posterior-fossa,0.0546875,0.1875,0.99609375,1
167,Scalp,0.6484375,0.1640625,0.1640625,1
168,Hematoma,0.47265625,0.0703125,0.5234375,1
169,Left-Basal-Ganglia,0.921875,0.05078125,0.49609375,1
176,Right-Basal-Ganglia,0.921875,0.05078125,0.4921875,1
170,brainstem,0.46484375,0.62109375,0.6875,1
171,DCG,0.46484375,0.0,0.6875,1
172,Vermis,0.46484375,0.390625,0.6875,1
173,Midbrain,0.9453125,0.40625,0.296875,1
174,Pons,0.8046875,0.76171875,0.2265625,1
175,Medulla,0.46484375,0.62109375,0.6875,1
177,Vermis-White-Matter,0.46484375,0.1953125,0.6875,1
178,SCP,0.5546875,0.7109375,0.0,1
179,Floculus,0.07421875,0.390625,0.6875,1
180,Left-Cortical-Dysplasia,0.28515625,0.23828125,0.54296875,1
181,Right-Cortical-Dysplasia,0.28515625,0.2421875,0.54296875,1
182,CblumNodulus,0.0390625,0.390625,0.6875,1
193,Left-hippocampal_fissure,0.0,0.765625,0.99609375,1
194,Left-CADG-head,0.99609375,0.640625,0.640625,1
195,Left-subiculum,0.765625,0.765625,0.0,1
196,Left-fimbria,0.0,0.390625,0.99609375,1
197,Right-hippocampal_fissure,0.5,0.765625,0.640625,1
198,Right-CADG-head,0.0,0.4921875,0.29296875,1
199,Right-subiculum,0.5,0.375,0.25,1
200,Right-fimbria,0.0,0.1953125,0.5,1
201,alveus,0.99609375,0.796875,0.59765625,1
202,perforant_pathway,0.99609375,0.5,0.5,1
203,parasubiculum,0.68359375,0.68359375,0.29296875,1
204,presubiculum,0.25,0.0,0.25,1
205,subiculum,0.0,0.0,0.99609375,1
206,CA1,0.99609375,0.0,0.0,1
207,CA2,0.5,0.5,0.99609375,1
208,CA3,0.0,0.5,0.0,1
209,CA4,0.765625,0.625,0.5,1
210,GC-DG,0.125,0.78125,0.99609375,1
211,HATA,0.5,0.99609375,0.5,1
212,fimbria,0.796875,0.59765625,0.796875,1
213,lateral_ventricle,0.47265625,0.06640625,0.53125,1
214,molecular_layer_HP,0.5,0.0,0.0,1
215,hippocampal_fissure,0.5,0.125,0.99609375,1
216,entorhinal_cortex,0.99609375,0.796875,0.3984375,1
217,molecular_layer_subiculum,0.5,0.5,0.5,1
218,Amygdala,0.40625,0.99609375,0.99609375,1
219,Cerebral_White_Matter,0.0,0.8828125,0.0,1
220,Cerebral_Cortex,0.80078125,0.24609375,0.3046875,1
221,Inf_Lat_Vent,0.76953125,0.2265625,0.9765625,1
222,Perirhinal,0.12890625,0.5859375,0.9765625,1
223,Cerebral_White_Matter_Edge,0.8828125,0.0,0.0,1
224,Background,0.390625,0.390625,0.390625,1
225,Ectorhinal,0.76953125,0.5859375,0.9765625,1
226,HP_tail,0.6640625,0.6640625,0.99609375,1
227,Polymorphic-Layer,0.5,0.99609375,0.5,1
228,Intracellular-Space,0.796875,0.59765625,0.796875,1
231,HP_body,0.0,0.99609375,0.0,1
232,HP_head,0.99609375,0.0,0.0,1
233,presubiculum-head,0.125,0.0,0.125,1
234,presubiculum-body,0.25,0.0,0.25,1
235,subiculum-head,0.0,0.0,0.68359375,1
236,subiculum-body,0.0,0.0,0.99609375,1
237,CA1-head,0.68359375,0.29296875,0.29296875,1
238,CA1-body,0.99609375,0.0,0.0,1
239,CA3-head,0.0,0.3125,0.0,1
240,CA3-body,0.0,0.5,0.0,1
241,CA4-head,0.46875,0.3515625,0.1953125,1
242,CA4-body,0.765625,0.625,0.5,1
243,GC-ML-DG-head,0.29296875,0.48828125,0.68359375,1
244,GC-ML-DG-body,0.125,0.78125,0.99609375,1
245,molecular_layer_HP-head,0.390625,0.09765625,0.09765625,1
246,molecular_layer_HP-body,0.5,0.0,0.0,1
247,FreezeSurface,0.0390625,0.390625,0.390625,1
250,Fornix,0.99609375,0.0,0.0,1
251,CC_Posterior,0.0,0.0,0.25,1
252,CC_Mid_Posterior,0.0,0.0,0.4375,1
253,CC_Central,0.0,0.0,0.625,1
254,CC_Mid_Anterior,0.0,0.0,0.8125,1
255,CC_Anterior,0.0,0.0,0.99609375,1
256,Voxel-Unchanged,0.0,0.0,0.0,0
257,CSF-ExtraCerebral,0.234375,0.234375,0.234375,1
258,Head-ExtraCerebral,0.5859375,0.5859375,0.78125,1
259,Eye-Fluid,0.234375,0.234375,0.234375,1
260,BoneOrAir,0.46484375,0.62109375,0.6875,1
261,PossibleFluid,0.46875,0.0703125,0.5234375,1
262,Sinus,0.765625,0.625,0.5,1
263,Left-Eustachian,0.46484375,0.62109375,0.6875,1
264,Right-Eustachian,0.46484375,0.62109375,0.6875,1
265,Left-Eyeball,0.234375,0.234375,0.234375,1
266,Right-Eyeball,0.234375,0.234375,0.234375,1
331,Aorta,0.99609375,0.0,0.0,1
332,Left-Common-IliacA,0.99609375,0.3125,0.0,1
333,Right-Common-IliacA,0.99609375,0.625,0.0,1
334,Left-External-IliacA,0.99609375,0.99609375,0.0,1
335,Right-External-IliacA,0.0,0.99609375,0.0,1
336,Left-Internal-IliacA,0.99609375,0.0,0.625,1
337,Right-Internal-IliacA,0.99609375,0.0,0.99609375,1
338,Left-Lateral-SacralA,0.99609375,0.1953125,0.3125,1
339,Right-Lateral-SacralA,0.3125,0.99609375,0.1953125,1
340,Left-ObturatorA,0.625,0.99609375,0.1953125,1
341,Right-ObturatorA,0.625,0.78125,0.99609375,1
342,Left-Internal-PudendalA,0.0,0.99609375,0.625,1
343,Right-Internal-PudendalA,0.0,0.0,0.99609375,1
344,Left-UmbilicalA,0.3125,0.1953125,0.99609375,1
345,Right-UmbilicalA,0.625,0.0,0.99609375,1
346,Left-Inf-RectalA,0.99609375,0.8203125,0.0,1
347,Right-Inf-RectalA,0.0,0.625,0.99609375,1
348,Left-Common-IliacV,0.99609375,0.78125,0.3125,1
349,Right-Common-IliacV,0.99609375,0.78125,0.625,1
350,Left-External-IliacV,0.99609375,0.3125,0.78125,1
351,Right-External-IliacV,0.99609375,0.625,0.78125,1
352,Left-Internal-IliacV,0.1171875,0.99609375,0.3125,1
353,Right-Internal-IliacV,0.3125,0.78125,0.99609375,1
354,Left-ObturatorV,0.3125,0.99609375,0.78125,1
355,Right-ObturatorV,0.76171875,0.99609375,0.78125,1
356,Left-Internal-PudendalV,0.46875,0.78125,0.078125,1
357,Right-Internal-PudendalV,0.6640625,0.0390625,0.78125,1
358,Pos-Lymph,0.078125,0.5078125,0.703125,1
359,Neg-Lymph,0.078125,0.703125,0.5078125,1
400,V1,0.8046875,0.2421875,0.3046875,1
401,V2,0.47265625,0.0703125,0.5234375,1
402,BA44,0.77734375,0.2265625,0.9765625,1
403,BA45,0.00390625,0.578125,0.0,1
404,BA4a,0.86328125,0.96875,0.640625,1
405,BA4p,0.90234375,0.578125,0.1328125,1
406,BA6,0.00390625,0.4609375,0.0546875,1
407,BA2,0.46875,0.4609375,0.0546875,1
408,BA1_old,0.48046875,0.7265625,0.86328125,1
409,BAun2,0.9296875,0.05078125,0.69140625,1
410,BA1,0.48046875,0.7265625,0.859375,1
411,BA2b,0.5390625,0.05078125,0.8046875,1
412,BA3a,0.9296875,0.5078125,0.6875,1
413,BA3b,0.8515625,0.8984375,0.296875,1
414,MT,0.1484375,0.83203125,0.6875,1
415,AIPS_AIP_l,0.00390625,0.87890625,0.6875,1
416,AIPS_AIP_r,0.00390625,0.87890625,0.6875,1
417,AIPS_VIP_l,0.78125,0.0078125,0.390625,1
418,AIPS_VIP_r,0.78125,0.0078125,0.390625,1
419,IPL_PFcm_l,0.01953125,0.78125,0.3515625,1
420,IPL_PFcm_r,0.01953125,0.78125,0.3515625,1
421,IPL_PF_l,0.390625,0.01953125,0.78125,1
422,IPL_PFm_l,0.09765625,0.99609375,0.390625,1
423,IPL_PFm_r,0.09765625,0.99609375,0.390625,1
424,IPL_PFop_l,0.8984375,0.02734375,0.390625,1
425,IPL_PFop_r,0.8984375,0.02734375,0.390625,1
426,IPL_PF_r,0.390625,0.01953125,0.78125,1
427,IPL_PFt_l,0.5859375,0.0390625,0.78125,1
428,IPL_PFt_r,0.5859375,0.0390625,0.78125,1
429,IPL_PGa_l,0.68359375,0.0390625,0.6875,1
430,IPL_PGa_r,0.68359375,0.0390625,0.6875,1
431,IPL_PGp_l,0.0390625,0.390625,0.99609375,1
432,IPL_PGp_r,0.0390625,0.390625,0.99609375,1
433,Visual_V3d_l,0.5859375,0.17578125,0.2734375,1
434,Visual_V3d_r,0.5859375,0.17578125,0.2734375,1
435,Visual_V4_l,0.17578125,0.78125,0.05859375,1
436,Visual_V4_r,0.17578125,0.78125,0.05859375,1
437,Visual_V5_b,0.88671875,0.17578125,0.390625,1
438,Visual_VP_l,0.88671875,0.17578125,0.390625,1
439,Visual_VP_r,0.88671875,0.17578125,0.390625,1
498,wmsa,0.55859375,0.734375,0.55859375,1
499,other_wmsa,0.99609375,0.96875,0.859375,1
500,right_CA2_3,0.06640625,0.33203125,0.53125,1
501,right_alveus,0.46484375,0.73046875,0.3984375,1
502,right_CA1,0.796875,0.265625,0.1328125,1
503,right_fimbria,0.796875,0.0,0.99609375,1
504,right_presubiculum,0.86328125,0.73046875,0.06640625,1
505,right_hippocampal_fissure,0.59765625,0.86328125,0.9296875,1
506,right_CA4_DG,0.19921875,0.06640625,0.06640625,1
507,right_subiculum,0.0,0.46484375,0.33203125,1
508,right_fornix,0.078125,0.390625,0.78125,1
550,left_CA2_3,0.06640625,0.33203125,0.53515625,1
551,left_alveus,0.46484375,0.73046875,0.40234375,1
552,left_CA1,0.796875,0.265625,0.13671875,1
553,left_fimbria,0.796875,0.0,0.9921875,1
554,left_presubiculum,0.86328125,0.73046875,0.0625,1
555,left_hippocampal_fissure,0.59765625,0.86328125,0.93359375,1
556,left_CA4_DG,0.19921875,0.06640625,0.0703125,1
557,left_subiculum,0.0,0.46484375,0.3359375,1
558,left_fornix,0.078125,0.390625,0.78515625,1
600,Tumor,0.9921875,0.9921875,0.9921875,1
601,Cbm_Left_I_IV,0.2734375,0.5078125,0.703125,1
602,Cbm_Right_I_IV,0.95703125,0.95703125,0.95703125,1
603,Cbm_Left_V,0.80078125,0.2421875,0.3046875,1
604,Cbm_Right_V,0.46875,0.0703125,0.5234375,1
605,Cbm_Left_VI,0.765625,0.2265625,0.9765625,1
606,Cbm_Vermis_VI,0.0,0.578125,0.0,1
607,Cbm_Right_VI,0.859375,0.96875,0.640625,1
608,Cbm_Left_CrusI,0.8984375,0.578125,0.1328125,1
609,Cbm_Vermis_CrusI,0.0,0.4609375,0.0546875,1
610,Cbm_Right_CrusI,0.0,0.4609375,0.0546875,1
611,Cbm_Left_CrusII,0.4765625,0.7265625,0.859375,1
612,Cbm_Vermis_CrusII,0.921875,0.05078125,0.6875,1
613,Cbm_Right_CrusII,0.046875,0.1875,0.99609375,1
614,Cbm_Left_VIIb,0.796875,0.7109375,0.5546875,1
615,Cbm_Vermis_VIIb,0.1640625,0.796875,0.640625,1
616,Cbm_Right_VIIb,0.46484375,0.62109375,0.6875,1
617,Cbm_Left_VIIIa,0.859375,0.84375,0.078125,1
618,Cbm_Vermis_VIIIa,0.40234375,0.99609375,0.99609375,1
619,Cbm_Right_VIIIa,0.3125,0.765625,0.3828125,1
620,Cbm_Left_VIIIb,0.234375,0.2265625,0.8203125,1
621,Cbm_Vermis_VIIIb,0.234375,0.2265625,0.8203125,1
622,Cbm_Right_VIIIb,0.234375,0.2265625,0.8203125,1
623,Cbm_Left_IX,0.234375,0.2265625,0.8203125,1
624,Cbm_Vermis_IX,0.234375,0.234375,0.234375,1
625,Cbm_Right_IX,0.99609375,0.64453125,0.0,1
626,Cbm_Left_X,0.99609375,0.64453125,0.0,1
627,Cbm_Vermis_X,0.0,0.99609375,0.49609375,1
628,Cbm_Right_X,0.64453125,0.1640625,0.1640625,1
640,Cbm_Right_I_V_med,0.796875,0.0,0.0,1
641,Cbm_Right_I_V_mid,0.99609375,0.0,0.0,1
642,Cbm_Right_VI_med,0.0,0.0,0.99609375,1
643,Cbm_Right_VI_mid,0.1171875,0.5625,0.99609375,1
644,Cbm_Right_VI_lat,0.390625,0.828125,0.92578125,1
645,Cbm_Right_CrusI_med,0.8515625,0.64453125,0.125,1
646,Cbm_Right_CrusI_mid,0.99609375,0.83984375,0.0,1
647,Cbm_Right_CrusI_lat,0.99609375,0.99609375,0.6484375,1
648,Cbm_Right_CrusII_med,0.59765625,0.0,0.796875,1
649,Cbm_Right_CrusII_mid,0.59765625,0.55078125,0.81640625,1
650,Cbm_Right_CrusII_lat,0.796875,0.796875,0.99609375,1
651,Cbm_Right_7med,0.12109375,0.828125,0.7578125,1
652,Cbm_Right_7mid,0.01171875,0.99609375,0.92578125,1
653,Cbm_Right_7lat,0.796875,0.99609375,0.99609375,1
654,Cbm_Right_8med,0.3359375,0.2890625,0.57421875,1
655,Cbm_Right_8mid,0.4453125,0.4453125,0.7421875,1
656,Cbm_Right_8lat,0.71875,0.6953125,0.99609375,1
657,Cbm_Right_PUNs,0.4921875,0.5390625,0.14453125,1
658,Cbm_Right_TONs,0.73828125,0.76953125,0.45703125,1
659,Cbm_Right_FLOs,0.9375,0.8984375,0.546875,1
660,Cbm_Left_I_V_med,0.796875,0.0,0.0,1
661,Cbm_Left_I_V_mid,0.99609375,0.0,0.0,1
662,Cbm_Left_VI_med,0.0,0.0,0.99609375,1
663,Cbm_Left_VI_mid,0.1171875,0.5625,0.99609375,1
664,Cbm_Left_VI_lat,0.390625,0.828125,0.92578125,1
665,Cbm_Left_CrusI_med,0.8515625,0.64453125,0.125,1
666,Cbm_Left_CrusI_mid,0.99609375,0.83984375,0.0,1
667,Cbm_Left_CrusI_lat,0.99609375,0.99609375,0.6484375,1
668,Cbm_Left_CrusII_med,0.59765625,0.0,0.796875,1
669,Cbm_Left_CrusII_mid,0.59765625,0.55078125,0.81640625,1
670,Cbm_Left_CrusII_lat,0.796875,0.796875,0.99609375,1
671,Cbm_Left_7med,0.12109375,0.828125,0.7578125,1
672,Cbm_Left_7mid,0.01171875,0.99609375,0.92578125,1
673,Cbm_Left_7lat,0.796875,0.99609375,0.99609375,1
674,Cbm_Left_8med,0.3359375,0.2890625,0.57421875,1
675,Cbm_Left_8mid,0.4453125,0.4453125,0.7421875,1
676,Cbm_Left_8lat,0.71875,0.6953125,0.99609375,1
677,Cbm_Left_PUNs,0.4921875,0.5390625,0.14453125,1
678,Cbm_Left_TONs,0.73828125,0.76953125,0.45703125,1
679,Cbm_Left_FLOs,0.9375,0.8984375,0.546875,1
690,CbmWM_Gyri_Left,0.4765625,0.52734375,0.1953125,1
691,CbmWM_Gyri_Right,0.4765625,0.52734375,0.1953125,1
701,CSF-FSL-FAST,0.46875,0.0703125,0.5234375,1
702,GrayMatter-FSL-FAST,0.80078125,0.2421875,0.3046875,1
703,WhiteMatter-FSL-FAST,0.0,0.87890625,0.0,1
999,SUSPICIOUS,0.99609375,0.390625,0.390625,1
1000,ctx-lh-unknown,0.09765625,0.01953125,0.09765625,1
1001,ctx-lh-bankssts,0.09765625,0.390625,0.15625,1
1002,ctx-lh-caudalanteriorcingulate,0.48828125,0.390625,0.625,1
1003,ctx-lh-caudalmiddlefrontal,0.390625,0.09765625,0.0,1
1004,ctx-lh-corpuscallosum,0.46875,0.2734375,0.1953125,1
1005,ctx-lh-cuneus,0.859375,0.078125,0.390625,1
1006,ctx-lh-entorhinal,0.859375,0.078125,0.0390625,1
1007,ctx-lh-fusiform,0.703125,0.859375,0.546875,1
1008,ctx-lh-inferiorparietal,0.859375,0.234375,0.859375,1
1009,ctx-lh-inferiortemporal,0.703125,0.15625,0.46875,1
1010,ctx-lh-isthmuscingulate,0.546875,0.078125,0.546875,1
1011,ctx-lh-lateraloccipital,0.078125,0.1171875,0.546875,1
1012,ctx-lh-lateralorbitofrontal,0.13671875,0.29296875,0.1953125,1
1013,ctx-lh-lingual,0.87890625,0.546875,0.546875,1
1014,ctx-lh-medialorbitofrontal,0.78125,0.13671875,0.29296875,1
1015,ctx-lh-middletemporal,0.625,0.390625,0.1953125,1
1016,ctx-lh-parahippocampal,0.078125,0.859375,0.234375,1
1017,ctx-lh-paracentral,0.234375,0.859375,0.234375,1
1018,ctx-lh-parsopercularis,0.859375,0.703125,0.546875,1
1019,ctx-lh-parsorbitalis,0.078125,0.390625,0.1953125,1
1020,ctx-lh-parstriangularis,0.859375,0.234375,0.078125,1
1021,ctx-lh-pericalcarine,0.46875,0.390625,0.234375,1
1022,ctx-lh-postcentral,0.859375,0.078125,0.078125,1
1023,ctx-lh-posteriorcingulate,0.859375,0.703125,0.859375,1
1024,ctx-lh-precentral,0.234375,0.078125,0.859375,1
1025,ctx-lh-precuneus,0.625,0.546875,0.703125,1
1026,ctx-lh-rostralanteriorcingulate,0.3125,0.078125,0.546875,1
1027,ctx-lh-rostralmiddlefrontal,0.29296875,0.1953125,0.48828125,1
1028,ctx-lh-superiorfrontal,0.078125,0.859375,0.625,1
1029,ctx-lh-superiorparietal,0.078125,0.703125,0.546875,1
1030,ctx-lh-superiortemporal,0.546875,0.859375,0.859375,1
1031,ctx-lh-supramarginal,0.3125,0.625,0.078125,1
1032,ctx-lh-frontalpole,0.390625,0.0,0.390625,1
1033,ctx-lh-temporalpole,0.2734375,0.2734375,0.2734375,1
1034,ctx-lh-transversetemporal,0.5859375,0.5859375,0.78125,1
1035,ctx-lh-insula,0.99609375,0.75,0.125,1
2000,ctx-rh-unknown,0.09765625,0.01953125,0.09765625,1
2001,ctx-rh-bankssts,0.09765625,0.390625,0.15625,1
2002,ctx-rh-caudalanteriorcingulate,0.48828125,0.390625,0.625,1
2003,ctx-rh-caudalmiddlefrontal,0.390625,0.09765625,0.0,1
2004,ctx-rh-corpuscallosum,0.46875,0.2734375,0.1953125,1
2005,ctx-rh-cuneus,0.859375,0.078125,0.390625,1
2006,ctx-rh-entorhinal,0.859375,0.078125,0.0390625,1
2007,ctx-rh-fusiform,0.703125,0.859375,0.546875,1
2008,ctx-rh-inferiorparietal,0.859375,0.234375,0.859375,1
2009,ctx-rh-inferiortemporal,0.703125,0.15625,0.46875,1
2010,ctx-rh-isthmuscingulate,0.546875,0.078125,0.546875,1
2011,ctx-rh-lateraloccipital,0.078125,0.1171875,0.546875,1
2012,ctx-rh-lateralorbitofrontal,0.13671875,0.29296875,0.1953125,1
2013,ctx-rh-lingual,0.87890625,0.546875,0.546875,1
2014,ctx-rh-medialorbitofrontal,0.78125,0.13671875,0.29296875,1
2015,ctx-rh-middletemporal,0.625,0.390625,0.1953125,1
2016,ctx-rh-parahippocampal,0.078125,0.859375,0.234375,1
2017,ctx-rh-paracentral,0.234375,0.859375,0.234375,1
2018,ctx-rh-parsopercularis,0.859375,0.703125,0.546875,1
2019,ctx-rh-parsorbitalis,0.078125,0.390625,0.1953125,1
2020,ctx-rh-parstriangularis,0.859375,0.234375,0.078125,1
2021,ctx-rh-pericalcarine,0.46875,0.390625,0.234375,1
2022,ctx-rh-postcentral,0.859375,0.078125,0.078125,1
2023,ctx-rh-posteriorcingulate,0.859375,0.703125,0.859375,1
2024,ctx-rh-precentral,0.234375,0.078125,0.859375,1
2025,ctx-rh-precuneus,0.625,0.546875,0.703125,1
2026,ctx-rh-rostralanteriorcingulate,0.3125,0.078125,0.546875,1
2027,ctx-rh-rostralmiddlefrontal,0.29296875,0.1953125,0.48828125,1
2028,ctx-rh-superiorfrontal,0.078125,0.859375,0.625,1
2029,ctx-rh-superiorparietal,0.078125,0.703125,0.546875,1
2030,ctx-rh-superiortemporal,0.546875,0.859375,0.859375,1
2031,ctx-rh-supramarginal,0.3125,0.625,0.078125,1
2032,ctx-rh-frontalpole,0.390625,0.0,0.390625,1
2033,ctx-rh-temporalpole,0.2734375,0.2734375,0.2734375,1
2034,ctx-rh-transversetemporal,0.5859375,0.5859375,0.78125,1
2035,ctx-rh-insula,0.99609375,0.75,0.125,1
3000,wm-lh-unknown,0.8984375,0.9765625,0.8984375,1
3001,wm-lh-bankssts,0.8984375,0.60546875,0.83984375,1
3002,wm-lh-caudalanteriorcingulate,0.5078125,0.60546875,0.37109375,1
3003,wm-lh-caudalmiddlefrontal,0.60546875,0.8984375,0.99609375,1
3004,wm-lh-corpuscallosum,0.52734375,0.72265625,0.80078125,1
3005,wm-lh-cuneus,0.13671875,0.91796875,0.60546875,1
3006,wm-lh-entorhinal,0.13671875,0.91796875,0.95703125,1
3007,wm-lh-fusiform,0.29296875,0.13671875,0.44921875,1
3008,wm-lh-inferiorparietal,0.13671875,0.76171875,0.13671875,1
3009,wm-lh-inferiortemporal,0.29296875,0.83984375,0.52734375,1
3010,wm-lh-isthmuscingulate,0.44921875,0.91796875,0.44921875,1
3011,wm-lh-lateraloccipital,0.91796875,0.87890625,0.44921875,1
3012,wm-lh-lateralorbitofrontal,0.859375,0.703125,0.80078125,1
3013,wm-lh-lingual,0.1171875,0.44921875,0.44921875,1
3014,wm-lh-medialorbitofrontal,0.21484375,0.859375,0.703125,1
3015,wm-lh-middletemporal,0.37109375,0.60546875,0.80078125,1
3016,wm-lh-parahippocampal,0.91796875,0.13671875,0.76171875,1
3017,wm-lh-paracentral,0.76171875,0.13671875,0.76171875,1
3018,wm-lh-parsopercularis,0.13671875,0.29296875,0.44921875,1
3019,wm-lh-parsorbitalis,0.91796875,0.60546875,0.80078125,1
3020,wm-lh-parstriangularis,0.13671875,0.76171875,0.91796875,1
3021,wm-lh-pericalcarine,0.52734375,0.60546875,0.76171875,1
3022,wm-lh-postcentral,0.13671875,0.91796875,0.91796875,1
3023,wm-lh-posteriorcingulate,0.13671875,0.29296875,0.13671875,1
3024,wm-lh-precentral,0.76171875,0.91796875,0.13671875,1
3025,wm-lh-precuneus,0.37109375,0.44921875,0.29296875,1
3026,wm-lh-rostralanteriorcingulate,0.68359375,0.91796875,0.44921875,1
3027,wm-lh-rostralmiddlefrontal,0.703125,0.80078125,0.5078125,1
3028,wm-lh-superiorfrontal,0.91796875,0.13671875,0.37109375,1
3029,wm-lh-superiorparietal,0.91796875,0.29296875,0.44921875,1
3030,wm-lh-superiortemporal,0.44921875,0.13671875,0.13671875,1
3031,wm-lh-supramarginal,0.68359375,0.37109375,0.91796875,1
3032,wm-lh-frontalpole,0.60546875,0.99609375,0.60546875,1
3033,wm-lh-temporalpole,0.72265625,0.72265625,0.72265625,1
3034,wm-lh-transversetemporal,0.41015625,0.41015625,0.21484375,1
3035,wm-lh-insula,0.078125,0.859375,0.625,1
4000,wm-rh-unknown,0.8984375,0.9765625,0.8984375,1
4001,wm-rh-bankssts,0.8984375,0.60546875,0.83984375,1
4002,wm-rh-caudalanteriorcingulate,0.5078125,0.60546875,0.37109375,1
4003,wm-rh-caudalmiddlefrontal,0.60546875,0.8984375,0.99609375,1
4004,wm-rh-corpuscallosum,0.52734375,0.72265625,0.80078125,1
4005,wm-rh-cuneus,0.13671875,0.91796875,0.60546875,1
4006,wm-rh-entorhinal,0.13671875,0.91796875,0.95703125,1
4007,wm-rh-fusiform,0.29296875,0.13671875,0.44921875,1
4008,wm-rh-inferiorparietal,0.13671875,0.76171875,0.13671875,1
4009,wm-rh-inferiortemporal,0.29296875,0.83984375,0.52734375,1
4010,wm-rh-isthmuscingulate,0.44921875,0.91796875,0.44921875,1
4011,wm-rh-lateraloccipital,0.91796875,0.87890625,0.44921875,1
4012,wm-rh-lateralorbitofrontal,0.859375,0.703125,0.80078125,1
4013,wm-rh-lingual,0.1171875,0.44921875,0.44921875,1
4014,wm-rh-medialorbitofrontal,0.21484375,0.859375,0.703125,1
4015,wm-rh-middletemporal,0.37109375,0.60546875,0.80078125,1
4016,wm-rh-parahippocampal,0.91796875,0.13671875,0.76171875,1
4017,wm-rh-paracentral,0.76171875,0.13671875,0.76171875,1
4018,wm-rh-parsopercularis,0.13671875,0.29296875,0.44921875,1
4019,wm-rh-parsorbitalis,0.91796875,0.60546875,0.80078125,1
4020,wm-rh-parstriangularis,0.13671875,0.76171875,0.91796875,1
4021,wm-rh-pericalcarine,0.52734375,0.60546875,0.76171875,1
4022,wm-rh-postcentral,0.13671875,0.91796875,0.91796875,1
4023,wm-rh-posteriorcingulate,0.13671875,0.29296875,0.13671875,1
4024,wm-rh-precentral,0.76171875,0.91796875,0.13671875,1
4025,wm-rh-precuneus,0.37109375,0.44921875,0.29296875,1
4026,wm-rh-rostralanteriorcingulate,0.68359375,0.91796875,0.44921875,1
4027,wm-rh-rostralmiddlefrontal,0.703125,0.80078125,0.5078125,1
4028,wm-rh-superiorfrontal,0.91796875,0.13671875,0.37109375,1
4029,wm-rh-superiorparietal,0.91796875,0.29296875,0.44921875,1
4030,wm-rh-superiortemporal,0.44921875,0.13671875,0.13671875,1
4031,wm-rh-supramarginal,0.68359375,0.37109375,0.91796875,1
4032,wm-rh-frontalpole,0.60546875,0.99609375,0.60546875,1
4033,wm-rh-temporalpole,0.72265625,0.72265625,0.72265625,1
4034,wm-rh-transversetemporal,0.41015625,0.41015625,0.21484375,1
4035,wm-rh-insula,0.078125,0.859375,0.625,1
1301,ctx-lh-frontal-lobe,0.09765625,0.390625,0.15625,1
1303,ctx-lh-cingulate-lobe,0.390625,0.09765625,0.0,1
1304,ctx-lh-occipital-lobe,0.46875,0.2734375,0.1953125,1
1305,ctx-lh-temporal-lobe,0.859375,0.078125,0.390625,1
1306,ctx-lh-parietal-lobe,0.859375,0.078125,0.0390625,1
1307,ctx-lh-insula-lobe,0.99609375,0.75,0.125,1
2301,ctx-rh-frontal-lobe,0.09765625,0.390625,0.15625,1
2303,ctx-rh-cingulate-lobe,0.390625,0.09765625,0.0,1
2304,ctx-rh-occipital-lobe,0.46875,0.2734375,0.1953125,1
2305,ctx-rh-temporal-lobe,0.859375,0.078125,0.390625,1
2306,ctx-rh-parietal-lobe,0.859375,0.078125,0.0390625,1
2307,ctx-rh-insula-lobe,0.99609375,0.75,0.125,1
3201,wm-lh-frontal-lobe,0.91796875,0.13671875,0.37109375,1
3203,wm-lh-cingulate-lobe,0.13671875,0.29296875,0.13671875,1
3204,wm-lh-occipital-lobe,0.52734375,0.60546875,0.76171875,1
3205,wm-lh-temporal-lobe,0.44921875,0.13671875,0.13671875,1
3206,wm-lh-parietal-lobe,0.13671875,0.76171875,0.13671875,1
3207,wm-lh-insula-lobe,0.078125,0.859375,0.625,1
4201,wm-rh-frontal-lobe,0.91796875,0.13671875,0.37109375,1
4203,wm-rh-cingulate-lobe,0.13671875,0.29296875,0.13671875,1
4204,wm-rh-occipital-lobe,0.52734375,0.60546875,0.76171875,1
4205,wm-rh-temporal-lobe,0.44921875,0.13671875,0.13671875,1
4206,wm-rh-parietal-lobe,0.13671875,0.76171875,0.13671875,1
4207,wm-rh-insula-lobe,0.078125,0.859375,0.625,1
1100,ctx-lh-Unknown,0.0,0.0,0.0,0
1101,ctx-lh-Corpus_callosum,0.1953125,0.1953125,0.1953125,1
1102,ctx-lh-G_and_S_Insula_ONLY_AVERAGE,0.703125,0.078125,0.1171875,1
1103,ctx-lh-G_cingulate-Isthmus,0.234375,0.09765625,0.09765625,1
1104,ctx-lh-G_cingulate-Main_part,0.09765625,0.234375,0.234375,1
1200,ctx-lh-G_cingulate-caudal_ACC,0.09765625,0.234375,0.23828125,1
1201,ctx-lh-G_cingulate-rostral_ACC,0.09765625,0.3515625,0.234375,1
1202,ctx-lh-G_cingulate-posterior,0.09765625,0.46875,0.234375,1
1205,ctx-lh-S_cingulate-caudal_ACC,0.09765625,0.5859375,0.234375,1
1206,ctx-lh-S_cingulate-rostral_ACC,0.09765625,0.703125,0.234375,1
1207,ctx-lh-S_cingulate-posterior,0.09765625,0.8203125,0.234375,1
1210,ctx-lh-S_pericallosal-caudal,0.09765625,0.5859375,0.3515625,1
1211,ctx-lh-S_pericallosal-rostral,0.09765625,0.703125,0.3515625,1
1212,ctx-lh-S_pericallosal-posterior,0.09765625,0.8203125,0.3515625,1
1105,ctx-lh-G_cuneus,0.703125,0.078125,0.078125,1
1106,ctx-lh-G_frontal_inf-Opercular_part,0.859375,0.078125,0.390625,1
1107,ctx-lh-G_frontal_inf-Orbital_part,0.546875,0.234375,0.234375,1
1108,ctx-lh-G_frontal_inf-Triangular_part,0.703125,0.859375,0.546875,1
1109,ctx-lh-G_frontal_middle,0.546875,0.390625,0.703125,1
1110,ctx-lh-G_frontal_superior,0.703125,0.078125,0.546875,1
1111,ctx-lh-G_frontomarginal,0.546875,0.078125,0.546875,1
1112,ctx-lh-G_insular_long,0.08203125,0.0390625,0.0390625,1
1113,ctx-lh-G_insular_short,0.87890625,0.546875,0.546875,1
1114,ctx-lh-G_and_S_occipital_inferior,0.08984375,0.234375,0.703125,1
1115,ctx-lh-G_occipital_middle,0.703125,0.234375,0.703125,1
1116,ctx-lh-G_occipital_superior,0.078125,0.859375,0.234375,1
1117,ctx-lh-G_occipit-temp_lat-Or_fusiform,0.234375,0.078125,0.546875,1
1118,ctx-lh-G_occipit-temp_med-Lingual_part,0.859375,0.703125,0.546875,1
1119,ctx-lh-G_occipit-temp_med-Parahippocampal_part,0.25390625,0.390625,0.078125,1
1120,ctx-lh-G_orbital,0.859375,0.234375,0.078125,1
1121,ctx-lh-G_paracentral,0.234375,0.390625,0.234375,1
1122,ctx-lh-G_parietal_inferior-Angular_part,0.078125,0.234375,0.859375,1
1123,ctx-lh-G_parietal_inferior-Supramarginal_part,0.390625,0.390625,0.234375,1
1124,ctx-lh-G_parietal_superior,0.859375,0.703125,0.859375,1
1125,ctx-lh-G_postcentral,0.078125,0.703125,0.546875,1
1126,ctx-lh-G_precentral,0.234375,0.546875,0.703125,1
1127,ctx-lh-G_precuneus,0.09765625,0.078125,0.546875,1
1128,ctx-lh-G_rectus,0.078125,0.234375,0.390625,1
1129,ctx-lh-G_subcallosal,0.234375,0.859375,0.078125,1
1130,ctx-lh-G_subcentral,0.234375,0.078125,0.859375,1
1131,ctx-lh-G_temporal_inferior,0.859375,0.859375,0.390625,1
1132,ctx-lh-G_temporal_middle,0.703125,0.234375,0.234375,1
1133,ctx-lh-G_temp_sup-G_temp_transv_and_interm_S,0.234375,0.234375,0.859375,1
1134,ctx-lh-G_temp_sup-Lateral_aspect,0.859375,0.234375,0.859375,1
1135,ctx-lh-G_temp_sup-Planum_polare,0.25390625,0.859375,0.234375,1
1136,ctx-lh-G_temp_sup-Planum_tempolare,0.09765625,0.546875,0.078125,1
1137,ctx-lh-G_and_S_transverse_frontopolar,0.05078125,0.0,0.9765625,1
1138,ctx-lh-Lat_Fissure-ant_sgt-ramus_horizontal,0.23828125,0.078125,0.859375,1
1139,ctx-lh-Lat_Fissure-ant_sgt-ramus_vertical,0.23828125,0.078125,0.234375,1
1140,ctx-lh-Lat_Fissure-post_sgt,0.23828125,0.234375,0.390625,1
1141,ctx-lh-Medial_wall,0.09765625,0.09765625,0.09765625,1
1142,ctx-lh-Pole_occipital,0.546875,0.078125,0.234375,1
1143,ctx-lh-Pole_temporal,0.859375,0.703125,0.078125,1
1144,ctx-lh-S_calcarine,0.24609375,0.703125,0.703125,1
1145,ctx-lh-S_central,0.86328125,0.078125,0.0390625,1
1146,ctx-lh-S_central_insula,0.08203125,0.859375,0.078125,1
1147,ctx-lh-S_cingulate-Main_part_and_Intracingulate,0.71484375,0.390625,0.078125,1
1148,ctx-lh-S_cingulate-Marginalis_part,0.86328125,0.078125,0.390625,1
1149,ctx-lh-S_circular_insula_anterior,0.86328125,0.234375,0.546875,1
1150,ctx-lh-S_circular_insula_inferior,0.86328125,0.078125,0.859375,1
1151,ctx-lh-S_circular_insula_superior,0.23828125,0.859375,0.859375,1
1152,ctx-lh-S_collateral_transverse_ant,0.390625,0.78125,0.78125,1
1153,ctx-lh-S_collateral_transverse_post,0.0390625,0.78125,0.78125,1
1154,ctx-lh-S_frontal_inferior,0.86328125,0.859375,0.078125,1
1155,ctx-lh-S_frontal_middle,0.55078125,0.078125,0.390625,1
1156,ctx-lh-S_frontal_superior,0.23828125,0.859375,0.390625,1
1157,ctx-lh-S_frontomarginal,0.08203125,0.859375,0.234375,1
1158,ctx-lh-S_intermedius_primus-Jensen,0.55078125,0.234375,0.078125,1
1159,ctx-lh-S_intraparietal-and_Parietal_transverse,0.55859375,0.078125,0.859375,1
1160,ctx-lh-S_occipital_anterior,0.23828125,0.078125,0.703125,1
1161,ctx-lh-S_occipital_middle_and_Lunatus,0.39453125,0.234375,0.859375,1
1162,ctx-lh-S_occipital_superior_and_transversalis,0.08203125,0.078125,0.546875,1
1163,ctx-lh-S_occipito-temporal_lateral,0.86328125,0.546875,0.078125,1
1164,ctx-lh-S_occipito-temporal_medial_and_S_Lingual,0.55078125,0.390625,0.859375,1
1165,ctx-lh-S_orbital-H_shapped,0.39453125,0.078125,0.078125,1
1166,ctx-lh-S_orbital_lateral,0.86328125,0.390625,0.078125,1
1167,ctx-lh-S_orbital_medial-Or_olfactory,0.70703125,0.78125,0.078125,1
1168,ctx-lh-S_paracentral,0.08203125,0.703125,0.546875,1
1169,ctx-lh-S_parieto_occipital,0.39453125,0.390625,0.703125,1
1170,ctx-lh-S_pericallosal,0.70703125,0.859375,0.078125,1
1171,ctx-lh-S_postcentral,0.08203125,0.546875,0.78125,1
1172,ctx-lh-S_precentral-Inferior-part,0.08203125,0.078125,0.9375,1
1173,ctx-lh-S_precentral-Superior-part,0.08203125,0.078125,0.78125,1
1174,ctx-lh-S_subcentral_ant,0.23828125,0.703125,0.234375,1
1175,ctx-lh-S_subcentral_post,0.23828125,0.703125,0.9765625,1
1176,ctx-lh-S_suborbital,0.08203125,0.078125,0.234375,1
1177,ctx-lh-S_subparietal,0.39453125,0.234375,0.234375,1
1178,ctx-lh-S_supracingulate,0.08203125,0.859375,0.859375,1
1179,ctx-lh-S_temporal_inferior,0.08203125,0.703125,0.703125,1
1180,ctx-lh-S_temporal_superior,0.87109375,0.859375,0.234375,1
1181,ctx-lh-S_temporal_transverse,0.86328125,0.234375,0.234375,1
2100,ctx-rh-Unknown,0.0,0.0,0.0,0
2101,ctx-rh-Corpus_callosum,0.1953125,0.1953125,0.1953125,1
2102,ctx-rh-G_and_S_Insula_ONLY_AVERAGE,0.703125,0.078125,0.1171875,1
2103,ctx-rh-G_cingulate-Isthmus,0.234375,0.09765625,0.09765625,1
2104,ctx-rh-G_cingulate-Main_part,0.09765625,0.234375,0.234375,1
2105,ctx-rh-G_cuneus,0.703125,0.078125,0.078125,1
2106,ctx-rh-G_frontal_inf-Opercular_part,0.859375,0.078125,0.390625,1
2107,ctx-rh-G_frontal_inf-Orbital_part,0.546875,0.234375,0.234375,1
2108,ctx-rh-G_frontal_inf-Triangular_part,0.703125,0.859375,0.546875,1
2109,ctx-rh-G_frontal_middle,0.546875,0.390625,0.703125,1
2110,ctx-rh-G_frontal_superior,0.703125,0.078125,0.546875,1
2111,ctx-rh-G_frontomarginal,0.546875,0.078125,0.546875,1
2112,ctx-rh-G_insular_long,0.08203125,0.0390625,0.0390625,1
2113,ctx-rh-G_insular_short,0.87890625,0.546875,0.546875,1
2114,ctx-rh-G_and_S_occipital_inferior,0.08984375,0.234375,0.703125,1
2115,ctx-rh-G_occipital_middle,0.703125,0.234375,0.703125,1
2116,ctx-rh-G_occipital_superior,0.078125,0.859375,0.234375,1
2117,ctx-rh-G_occipit-temp_lat-Or_fusiform,0.234375,0.078125,0.546875,1
2118,ctx-rh-G_occipit-temp_med-Lingual_part,0.859375,0.703125,0.546875,1
2119,ctx-rh-G_occipit-temp_med-Parahippocampal_part,0.25390625,0.390625,0.078125,1
2120,ctx-rh-G_orbital,0.859375,0.234375,0.078125,1
2121,ctx-rh-G_paracentral,0.234375,0.390625,0.234375,1
2122,ctx-rh-G_parietal_inferior-Angular_part,0.078125,0.234375,0.859375,1
2123,ctx-rh-G_parietal_inferior-Supramarginal_part,0.390625,0.390625,0.234375,1
2124,ctx-rh-G_parietal_superior,0.859375,0.703125,0.859375,1
2125,ctx-rh-G_postcentral,0.078125,0.703125,0.546875,1
2126,ctx-rh-G_precentral,0.234375,0.546875,0.703125,1
2127,ctx-rh-G_precuneus,0.09765625,0.078125,0.546875,1
2128,ctx-rh-G_rectus,0.078125,0.234375,0.390625,1
2129,ctx-rh-G_subcallosal,0.234375,0.859375,0.078125,1
2130,ctx-rh-G_subcentral,0.234375,0.078125,0.859375,1
2131,ctx-rh-G_temporal_inferior,0.859375,0.859375,0.390625,1
2132,ctx-rh-G_temporal_middle,0.703125,0.234375,0.234375,1
2133,ctx-rh-G_temp_sup-G_temp_transv_and_interm_S,0.234375,0.234375,0.859375,1
2134,ctx-rh-G_temp_sup-Lateral_aspect,0.859375,0.234375,0.859375,1
2135,ctx-rh-G_temp_sup-Planum_polare,0.25390625,0.859375,0.234375,1
2136,ctx-rh-G_temp_sup-Planum_tempolare,0.09765625,0.546875,0.078125,1
2137,ctx-rh-G_and_S_transverse_frontopolar,0.05078125,0.0,0.9765625,1
2138,ctx-rh-Lat_Fissure-ant_sgt-ramus_horizontal,0.23828125,0.078125,0.859375,1
2139,ctx-rh-Lat_Fissure-ant_sgt-ramus_vertical,0.23828125,0.078125,0.234375,1
2140,ctx-rh-Lat_Fissure-post_sgt,0.23828125,0.234375,0.390625,1
2141,ctx-rh-Medial_wall,0.09765625,0.09765625,0.09765625,1
2142,ctx-rh-Pole_occipital,0.546875,0.078125,0.234375,1
2143,ctx-rh-Pole_temporal,0.859375,0.703125,0.078125,1
2144,ctx-rh-S_calcarine,0.24609375,0.703125,0.703125,1
2145,ctx-rh-S_central,0.86328125,0.078125,0.0390625,1
2146,ctx-rh-S_central_insula,0.08203125,0.859375,0.078125,1
2147,ctx-rh-S_cingulate-Main_part_and_Intracingulate,0.71484375,0.390625,0.078125,1
2148,ctx-rh-S_cingulate-Marginalis_part,0.86328125,0.078125,0.390625,1
2149,ctx-rh-S_circular_insula_anterior,0.86328125,0.234375,0.546875,1
2150,ctx-rh-S_circular_insula_inferior,0.86328125,0.078125,0.859375,1
2151,ctx-rh-S_circular_insula_superior,0.23828125,0.859375,0.859375,1
2152,ctx-rh-S_collateral_transverse_ant,0.390625,0.78125,0.78125,1
2153,ctx-rh-S_collateral_transverse_post,0.0390625,0.78125,0.78125,1
2154,ctx-rh-S_frontal_inferior,0.86328125,0.859375,0.078125,1
2155,ctx-rh-S_frontal_middle,0.55078125,0.078125,0.390625,1
2156,ctx-rh-S_frontal_superior,0.23828125,0.859375,0.390625,1
2157,ctx-rh-S_frontomarginal,0.08203125,0.859375,0.234375,1
2158,ctx-rh-S_intermedius_primus-Jensen,0.55078125,0.234375,0.078125,1
2159,ctx-rh-S_intraparietal-and_Parietal_transverse,0.55859375,0.078125,0.859375,1
2160,ctx-rh-S_occipital_anterior,0.23828125,0.078125,0.703125,1
2161,ctx-rh-S_occipital_middle_and_Lunatus,0.39453125,0.234375,0.859375,1
2162,ctx-rh-S_occipital_superior_and_transversalis,0.08203125,0.078125,0.546875,1
2163,ctx-rh-S_occipito-temporal_lateral,0.86328125,0.546875,0.078125,1
2164,ctx-rh-S_occipito-temporal_medial_and_S_Lingual,0.55078125,0.390625,0.859375,1
2165,ctx-rh-S_orbital-H_shapped,0.39453125,0.078125,0.078125,1
2166,ctx-rh-S_orbital_lateral,0.86328125,0.390625,0.078125,1
2167,ctx-rh-S_orbital_medial-Or_olfactory,0.70703125,0.78125,0.078125,1
2168,ctx-rh-S_paracentral,0.08203125,0.703125,0.546875,1
2169,ctx-rh-S_parieto_occipital,0.39453125,0.390625,0.703125,1
2170,ctx-rh-S_pericallosal,0.70703125,0.859375,0.078125,1
2171,ctx-rh-S_postcentral,0.08203125,0.546875,0.78125,1
2172,ctx-rh-S_precentral-Inferior-part,0.08203125,0.078125,0.9375,1
2173,ctx-rh-S_precentral-Superior-part,0.08203125,0.078125,0.78125,1
2174,ctx-rh-S_subcentral_ant,0.23828125,0.703125,0.234375,1
2175,ctx-rh-S_subcentral_post,0.23828125,0.703125,0.9765625,1
2176,ctx-rh-S_suborbital,0.08203125,0.078125,0.234375,1
2177,ctx-rh-S_subparietal,0.39453125,0.234375,0.234375,1
2178,ctx-rh-S_supracingulate,0.08203125,0.859375,0.859375,1
2179,ctx-rh-S_temporal_inferior,0.08203125,0.703125,0.703125,1
2180,ctx-rh-S_temporal_superior,0.87109375,0.859375,0.234375,1
2181,ctx-rh-S_temporal_transverse,0.86328125,0.234375,0.234375,1
2200,ctx-rh-G_cingulate-caudal_ACC,0.09765625,0.234375,0.23828125,1
2201,ctx-rh-G_cingulate-rostral_ACC,0.09765625,0.3515625,0.234375,1
2202,ctx-rh-G_cingulate-posterior,0.09765625,0.46875,0.234375,1
2205,ctx-rh-S_cingulate-caudal_ACC,0.09765625,0.5859375,0.234375,1
2206,ctx-rh-S_cingulate-rostral_ACC,0.09765625,0.703125,0.234375,1
2207,ctx-rh-S_cingulate-posterior,0.09765625,0.8203125,0.234375,1
2210,ctx-rh-S_pericallosal-caudal,0.09765625,0.5859375,0.3515625,1
2211,ctx-rh-S_pericallosal-rostral,0.09765625,0.703125,0.3515625,1
2212,ctx-rh-S_pericallosal-posterior,0.09765625,0.8203125,0.3515625,1
3100,wm-lh-Unknown,0.0,0.0,0.0,0
3101,wm-lh-Corpus_callosum,0.1953125,0.1953125,0.1953125,1
3102,wm-lh-G_and_S_Insula_ONLY_AVERAGE,0.703125,0.078125,0.1171875,1
3103,wm-lh-G_cingulate-Isthmus,0.234375,0.09765625,0.09765625,1
3104,wm-lh-G_cingulate-Main_part,0.09765625,0.234375,0.234375,1
3105,wm-lh-G_cuneus,0.703125,0.078125,0.078125,1
3106,wm-lh-G_frontal_inf-Opercular_part,0.859375,0.078125,0.390625,1
3107,wm-lh-G_frontal_inf-Orbital_part,0.546875,0.234375,0.234375,1
3108,wm-lh-G_frontal_inf-Triangular_part,0.703125,0.859375,0.546875,1
3109,wm-lh-G_frontal_middle,0.546875,0.390625,0.703125,1
3110,wm-lh-G_frontal_superior,0.703125,0.078125,0.546875,1
3111,wm-lh-G_frontomarginal,0.546875,0.078125,0.546875,1
3112,wm-lh-G_insular_long,0.08203125,0.0390625,0.0390625,1
3113,wm-lh-G_insular_short,0.87890625,0.546875,0.546875,1
3114,wm-lh-G_and_S_occipital_inferior,0.08984375,0.234375,0.703125,1
3115,wm-lh-G_occipital_middle,0.703125,0.234375,0.703125,1
3116,wm-lh-G_occipital_superior,0.078125,0.859375,0.234375,1
3117,wm-lh-G_occipit-temp_lat-Or_fusiform,0.234375,0.078125,0.546875,1
3118,wm-lh-G_occipit-temp_med-Lingual_part,0.859375,0.703125,0.546875,1
3119,wm-lh-G_occipit-temp_med-Parahippocampal_part,0.25390625,0.390625,0.078125,1
3120,wm-lh-G_orbital,0.859375,0.234375,0.078125,1
3121,wm-lh-G_paracentral,0.234375,0.390625,0.234375,1
3122,wm-lh-G_parietal_inferior-Angular_part,0.078125,0.234375,0.859375,1
3123,wm-lh-G_parietal_inferior-Supramarginal_part,0.390625,0.390625,0.234375,1
3124,wm-lh-G_parietal_superior,0.859375,0.703125,0.859375,1
3125,wm-lh-G_postcentral,0.078125,0.703125,0.546875,1
3126,wm-lh-G_precentral,0.234375,0.546875,0.703125,1
3127,wm-lh-G_precuneus,0.09765625,0.078125,0.546875,1
3128,wm-lh-G_rectus,0.078125,0.234375,0.390625,1
3129,wm-lh-G_subcallosal,0.234375,0.859375,0.078125,1
3130,wm-lh-G_subcentral,0.234375,0.078125,0.859375,1
3131,wm-lh-G_temporal_inferior,0.859375,0.859375,0.390625,1
3132,wm-lh-G_temporal_middle,0.703125,0.234375,0.234375,1
3133,wm-lh-G_temp_sup-G_temp_transv_and_interm_S,0.234375,0.234375,0.859375,1
3134,wm-lh-G_temp_sup-Lateral_aspect,0.859375,0.234375,0.859375,1
3135,wm-lh-G_temp_sup-Planum_polare,0.25390625,0.859375,0.234375,1
3136,wm-lh-G_temp_sup-Planum_tempolare,0.09765625,0.546875,0.078125,1
3137,wm-lh-G_and_S_transverse_frontopolar,0.05078125,0.0,0.9765625,1
3138,wm-lh-Lat_Fissure-ant_sgt-ramus_horizontal,0.23828125,0.078125,0.859375,1
3139,wm-lh-Lat_Fissure-ant_sgt-ramus_vertical,0.23828125,0.078125,0.234375,1
3140,wm-lh-Lat_Fissure-post_sgt,0.23828125,0.234375,0.390625,1
3141,wm-lh-Medial_wall,0.09765625,0.09765625,0.09765625,1
3142,wm-lh-Pole_occipital,0.546875,0.078125,0.234375,1
3143,wm-lh-Pole_temporal,0.859375,0.703125,0.078125,1
3144,wm-lh-S_calcarine,0.24609375,0.703125,0.703125,1
3145,wm-lh-S_central,0.86328125,0.078125,0.0390625,1
3146,wm-lh-S_central_insula,0.08203125,0.859375,0.078125,1
3147,wm-lh-S_cingulate-Main_part_and_Intracingulate,0.71484375,0.390625,0.078125,1
3148,wm-lh-S_cingulate-Marginalis_part,0.86328125,0.078125,0.390625,1
3149,wm-lh-S_circular_insula_anterior,0.86328125,0.234375,0.546875,1
3150,wm-lh-S_circular_insula_inferior,0.86328125,0.078125,0.859375,1
3151,wm-lh-S_circular_insula_superior,0.23828125,0.859375,0.859375,1
3152,wm-lh-S_collateral_transverse_ant,0.390625,0.78125,0.78125,1
3153,wm-lh-S_collateral_transverse_post,0.0390625,0.78125,0.78125,1
3154,wm-lh-S_frontal_inferior,0.86328125,0.859375,0.078125,1
3155,wm-lh-S_frontal_middle,0.55078125,0.078125,0.390625,1
3156,wm-lh-S_frontal_superior,0.23828125,0.859375,0.390625,1
3157,wm-lh-S_frontomarginal,0.08203125,0.859375,0.234375,1
3158,wm-lh-S_intermedius_primus-Jensen,0.55078125,0.234375,0.078125,1
3159,wm-lh-S_intraparietal-and_Parietal_transverse,0.55859375,0.078125,0.859375,1
3160,wm-lh-S_occipital_anterior,0.23828125,0.078125,0.703125,1
3161,wm-lh-S_occipital_middle_and_Lunatus,0.39453125,0.234375,0.859375,1
3162,wm-lh-S_occipital_superior_and_transversalis,0.08203125,0.078125,0.546875,1
3163,wm-lh-S_occipito-temporal_lateral,0.86328125,0.546875,0.078125,1
3164,wm-lh-S_occipito-temporal_medial_and_S_Lingual,0.55078125,0.390625,0.859375,1
3165,wm-lh-S_orbital-H_shapped,0.39453125,0.078125,0.078125,1
3166,wm-lh-S_orbital_lateral,0.86328125,0.390625,0.078125,1
3167,wm-lh-S_orbital_medial-Or_olfactory,0.70703125,0.78125,0.078125,1
3168,wm-lh-S_paracentral,0.08203125,0.703125,0.546875,1
3169,wm-lh-S_parieto_occipital,0.39453125,0.390625,0.703125,1
3170,wm-lh-S_pericallosal,0.70703125,0.859375,0.078125,1
3171,wm-lh-S_postcentral,0.08203125,0.546875,0.78125,1
3172,wm-lh-S_precentral-Inferior-part,0.08203125,0.078125,0.9375,1
3173,wm-lh-S_precentral-Superior-part,0.08203125,0.078125,0.78125,1
3174,wm-lh-S_subcentral_ant,0.23828125,0.703125,0.234375,1
3175,wm-lh-S_subcentral_post,0.23828125,0.703125,0.9765625,1
3176,wm-lh-S_suborbital,0.08203125,0.078125,0.234375,1
3177,wm-lh-S_subparietal,0.39453125,0.234375,0.234375,1
3178,wm-lh-S_supracingulate,0.08203125,0.859375,0.859375,1
3179,wm-lh-S_temporal_inferior,0.08203125,0.703125,0.703125,1
3180,wm-lh-S_temporal_superior,0.87109375,0.859375,0.234375,1
3181,wm-lh-S_temporal_transverse,0.86328125,0.234375,0.234375,1
4100,wm-rh-Unknown,0.0,0.0,0.0,0
4101,wm-rh-Corpus_callosum,0.1953125,0.1953125,0.1953125,1
4102,wm-rh-G_and_S_Insula_ONLY_AVERAGE,0.703125,0.078125,0.1171875,1
4103,wm-rh-G_cingulate-Isthmus,0.234375,0.09765625,0.09765625,1
4104,wm-rh-G_cingulate-Main_part,0.09765625,0.234375,0.234375,1
4105,wm-rh-G_cuneus,0.703125,0.078125,0.078125,1
4106,wm-rh-G_frontal_inf-Opercular_part,0.859375,0.078125,0.390625,1
4107,wm-rh-G_frontal_inf-Orbital_part,0.546875,0.234375,0.234375,1
4108,wm-rh-G_frontal_inf-Triangular_part,0.703125,0.859375,0.546875,1
4109,wm-rh-G_frontal_middle,0.546875,0.390625,0.703125,1
4110,wm-rh-G_frontal_superior,0.703125,0.078125,0.546875,1
4111,wm-rh-G_frontomarginal,0.546875,0.078125,0.546875,1
4112,wm-rh-G_insular_long,0.08203125,0.0390625,0.0390625,1
4113,wm-rh-G_insular_short,0.87890625,0.546875,0.546875,1
4114,wm-rh-G_and_S_occipital_inferior,0.08984375,0.234375,0.703125,1
4115,wm-rh-G_occipital_middle,0.703125,0.234375,0.703125,1
4116,wm-rh-G_occipital_superior,0.078125,0.859375,0.234375,1
4117,wm-rh-G_occipit-temp_lat-Or_fusiform,0.234375,0.078125,0.546875,1
4118,wm-rh-G_occipit-temp_med-Lingual_part,0.859375,0.703125,0.546875,1
4119,wm-rh-G_occipit-temp_med-Parahippocampal_part,0.25390625,0.390625,0.078125,1
4120,wm-rh-G_orbital,0.859375,0.234375,0.078125,1
4121,wm-rh-G_paracentral,0.234375,0.390625,0.234375,1
4122,wm-rh-G_parietal_inferior-Angular_part,0.078125,0.234375,0.859375,1
4123,wm-rh-G_parietal_inferior-Supramarginal_part,0.390625,0.390625,0.234375,1
4124,wm-rh-G_parietal_superior,0.859375,0.703125,0.859375,1
4125,wm-rh-G_postcentral,0.078125,0.703125,0.546875,1
4126,wm-rh-G_precentral,0.234375,0.546875,0.703125,1
4127,wm-rh-G_precuneus,0.09765625,0.078125,0.546875,1
4128,wm-rh-G_rectus,0.078125,0.234375,0.390625,1
4129,wm-rh-G_subcallosal,0.234375,0.859375,0.078125,1
4130,wm-rh-G_subcentral,0.234375,0.078125,0.859375,1
4131,wm-rh-G_temporal_inferior,0.859375,0.859375,0.390625,1
4132,wm-rh-G_temporal_middle,0.703125,0.234375,0.234375,1
4133,wm-rh-G_temp_sup-G_temp_transv_and_interm_S,0.234375,0.234375,0.859375,1
4134,wm-rh-G_temp_sup-Lateral_aspect,0.859375,0.234375,0.859375,1
4135,wm-rh-G_temp_sup-Planum_polare,0.25390625,0.859375,0.234375,1
4136,wm-rh-G_temp_sup-Planum_tempolare,0.09765625,0.546875,0.078125,1
4137,wm-rh-G_and_S_transverse_frontopolar,0.05078125,0.0,0.9765625,1
4138,wm-rh-Lat_Fissure-ant_sgt-ramus_horizontal,0.23828125,0.078125,0.859375,1
4139,wm-rh-Lat_Fissure-ant_sgt-ramus_vertical,0.23828125,0.078125,0.234375,1
4140,wm-rh-Lat_Fissure-post_sgt,0.23828125,0.234375,0.390625,1
4141,wm-rh-Medial_wall,0.09765625,0.09765625,0.09765625,1
4142,wm-rh-Pole_occipital,0.546875,0.078125,0.234375,1
4143,wm-rh-Pole_temporal,0.859375,0.703125,0.078125,1
4144,wm-rh-S_calcarine,0.24609375,0.703125,0.703125,1
4145,wm-rh-S_central,0.86328125,0.078125,0.0390625,1
4146,wm-rh-S_central_insula,0.08203125,0.859375,0.078125,1
4147,wm-rh-S_cingulate-Main_part_and_Intracingulate,0.71484375,0.390625,0.078125,1
4148,wm-rh-S_cingulate-Marginalis_part,0.86328125,0.078125,0.390625,1
4149,wm-rh-S_circular_insula_anterior,0.86328125,0.234375,0.546875,1
4150,wm-rh-S_circular_insula_inferior,0.86328125,0.078125,0.859375,1
4151,wm-rh-S_circular_insula_superior,0.23828125,0.859375,0.859375,1
4152,wm-rh-S_collateral_transverse_ant,0.390625,0.78125,0.78125,1
4153,wm-rh-S_collateral_transverse_post,0.0390625,0.78125,0.78125,1
4154,wm-rh-S_frontal_inferior,0.86328125,0.859375,0.078125,1
4155,wm-rh-S_frontal_middle,0.55078125,0.078125,0.390625,1
4156,wm-rh-S_frontal_superior,0.23828125,0.859375,0.390625,1
4157,wm-rh-S_frontomarginal,0.08203125,0.859375,0.234375,1
4158,wm-rh-S_intermedius_primus-Jensen,0.55078125,0.234375,0.078125,1
4159,wm-rh-S_intraparietal-and_Parietal_transverse,0.55859375,0.078125,0.859375,1
4160,wm-rh-S_occipital_anterior,0.23828125,0.078125,0.703125,1
4161,wm-rh-S_occipital_middle_and_Lunatus,0.39453125,0.234375,0.859375,1
4162,wm-rh-S_occipital_superior_and_transversalis,0.08203125,0.078125,0.546875,1
4163,wm-rh-S_occipito-temporal_lateral,0.86328125,0.546875,0.078125,1
4164,wm-rh-S_occipito-temporal_medial_and_S_Lingual,0.55078125,0.390625,0.859375,1
4165,wm-rh-S_orbital-H_shapped,0.39453125,0.078125,0.078125,1
4166,wm-rh-S_orbital_lateral,0.86328125,0.390625,0.078125,1
4167,wm-rh-S_orbital_medial-Or_olfactory,0.70703125,0.78125,0.078125,1
4168,wm-rh-S_paracentral,0.08203125,0.703125,0.546875,1
4169,wm-rh-S_parieto_occipital,0.39453125,0.390625,0.703125,1
4170,wm-rh-S_pericallosal,0.70703125,0.859375,0.078125,1
4171,wm-rh-S_postcentral,0.08203125,0.546875,0.78125,1
4172,wm-rh-S_precentral-Inferior-part,0.08203125,0.078125,0.9375,1
4173,wm-rh-S_precentral-Superior-part,0.08203125,0.078125,0.78125,1
4174,wm-rh-S_subcentral_ant,0.23828125,0.703125,0.234375,1
4175,wm-rh-S_subcentral_post,0.23828125,0.703125,0.9765625,1
4176,wm-rh-S_suborbital,0.08203125,0.078125,0.234375,1
4177,wm-rh-S_subparietal,0.39453125,0.234375,0.234375,1
4178,wm-rh-S_supracingulate,0.08203125,0.859375,0.859375,1
4179,wm-rh-S_temporal_inferior,0.08203125,0.703125,0.703125,1
4180,wm-rh-S_temporal_superior,0.87109375,0.859375,0.234375,1
4181,wm-rh-S_temporal_transverse,0.86328125,0.234375,0.234375,1
5001,Left-UnsegmentedWhiteMatter,0.078125,0.1171875,0.15625,1
5002,Right-UnsegmentedWhiteMatter,0.078125,0.1171875,0.15625,1
5100,fmajor,0.796875,0.3984375,0.3984375,1
5101,fminor,0.796875,0.3984375,0.3984375,1
5102,lh.atr,0.99609375,0.99609375,0.3984375,1
5103,lh.cab,0.59765625,0.796875,0.0,1
5104,lh.ccg,0.0,0.59765625,0.59765625,1
5105,lh.cst,0.796875,0.59765625,0.99609375,1
5106,lh.ilf,0.99609375,0.59765625,0.19921875,1
5107,lh.slfp,0.796875,0.796875,0.796875,1
5108,lh.slft,0.59765625,0.99609375,0.99609375,1
5109,lh.unc,0.3984375,0.59765625,0.99609375,1
5110,rh.atr,0.99609375,0.99609375,0.3984375,1
5111,rh.cab,0.59765625,0.796875,0.0,1
5112,rh.ccg,0.0,0.59765625,0.59765625,1
5113,rh.cst,0.796875,0.59765625,0.99609375,1
5114,rh.ilf,0.99609375,0.59765625,0.19921875,1
5115,rh.slfp,0.796875,0.796875,0.796875,1
5116,rh.slft,0.59765625,0.99609375,0.99609375,1
5117,rh.unc,0.3984375,0.59765625,0.99609375,1
5200,CC-ForcepsMajor,0.796875,0.3984375,0.3984375,1
5201,CC-ForcepsMinor,0.796875,0.3984375,0.3984375,1
5202,LAntThalRadiation,0.99609375,0.99609375,0.3984375,1
5203,LCingulumAngBundle,0.59765625,0.796875,0.0,1
5204,LCingulumCingGyrus,0.0,0.59765625,0.59765625,1
5205,LCorticospinalTract,0.796875,0.59765625,0.99609375,1
5206,LInfLongFas,0.99609375,0.59765625,0.19921875,1
5207,LSupLongFasParietal,0.796875,0.796875,0.796875,1
5208,LSupLongFasTemporal,0.59765625,0.99609375,0.99609375,1
5209,LUncinateFas,0.3984375,0.59765625,0.99609375,1
5210,RAntThalRadiation,0.99609375,0.99609375,0.3984375,1
5211,RCingulumAngBundle,0.59765625,0.796875,0.0,1
5212,RCingulumCingGyrus,0.0,0.59765625,0.59765625,1
5213,RCorticospinalTract,0.796875,0.59765625,0.99609375,1
5214,RInfLongFas,0.99609375,0.59765625,0.19921875,1
5215,RSupLongFasParietal,0.796875,0.796875,0.796875,1
5216,RSupLongFasTemporal,0.59765625,0.99609375,0.99609375,1
5217,RUncinateFas,0.3984375,0.59765625,0.99609375,1
6000,CST-orig,0.0,0.99609375,0.0,1
6001,CST-hammer,0.99609375,0.99609375,0.0,1
6002,CST-CVS,0.0,0.99609375,0.99609375,1
6003,CST-flirt,0.0,0.0,0.99609375,1
6010,Left-SLF1,0.921875,0.0625,0.90234375,1
6020,Right-SLF1,0.92578125,0.0703125,0.90625,1
6030,Left-SLF3,0.921875,0.05078125,0.88671875,1
6040,Right-SLF3,0.921875,0.06640625,0.890625,1
6050,Left-CST,0.00390625,0.99609375,0.00390625,1
6060,Right-CST,0.0078125,0.99609375,0.00390625,1
6070,Left-SLF2,0.921875,0.0546875,0.8984375,1
6080,Right-SLF2,0.92578125,0.0546875,0.8984375,1
7001,Lateral-nucleus,0.28125,0.515625,0.70703125,1
7002,Basolateral-nucleus,0.94921875,0.94921875,0.94921875,1
7003,Basal-nucleus,0.80859375,0.24609375,0.30859375,1
7004,Centromedial-nucleus,0.47265625,0.078125,0.52734375,1
7005,Central-nucleus,0.76953125,0.234375,0.96875,1
7006,Medial-nucleus,0.0078125,0.58203125,0.0078125,1
7007,Cortical-nucleus,0.86328125,0.97265625,0.6484375,1
7008,Accessory-Basal-nucleus,0.90625,0.5703125,0.13671875,1
7009,Corticoamygdaloid-transitio,0.078125,0.234375,0.46875,1
7010,Anterior-amygdaloid-area-AAA,0.9765625,0.9765625,0.0,1
7011,Fusion-amygdala-HP-FAH,0.4765625,0.73046875,0.8671875,1
7012,Hippocampal-amygdala-transition-HATA,0.92578125,0.046875,0.69140625,1
7013,Endopiriform-nucleus,0.0390625,0.19140625,0.99609375,1
7014,Lateral-nucleus-olfactory-tract,0.80078125,0.71875,0.5625,1
7015,Paralaminar-nucleus,0.17578125,0.80078125,0.64453125,1
7016,Intercalated-nucleus,0.45703125,0.625,0.68359375,1
7017,Prepiriform-cortex,0.86328125,0.84765625,0.08203125,1
7018,Periamygdaloid-cortex,0.078125,0.234375,0.46875,1
7019,Envelope-Amygdala,0.55078125,0.08203125,0.390625,1
7020,Extranuclear-Amydala,0.87890625,0.546875,0.55078125,1
7100,Brainstem-inferior-colliculus,0.1640625,0.78515625,0.65625,1
7101,Brainstem-cochlear-nucleus,0.65625,0.40625,0.6328125,1
8001,Thalamus-Anterior,0.2890625,0.5078125,0.70703125,1
8002,Thalamus-Ventral-anterior,0.9453125,0.94140625,0.9375,1
8003,Thalamus-Lateral-dorsal,0.8046875,0.25390625,0.3046875,1
8004,Thalamus-Lateral-posterior,0.46875,0.08203125,0.51953125,1
8005,Thalamus-Ventral-lateral,0.76171875,0.23828125,0.9609375,1
8006,Thalamus-Ventral-posterior-medial,0.01171875,0.57421875,0.0234375,1
8007,Thalamus-Ventral-posterior-lateral,0.859375,0.98046875,0.63671875,1
8008,Thalamus-intralaminar,0.90625,0.5703125,0.12890625,1
8009,Thalamus-centromedian,0.015625,0.4453125,0.0546875,1
8010,Thalamus-mediodorsal,0.47265625,0.71875,0.859375,1
8011,Thalamus-medial,0.91796875,0.04296875,0.68359375,1
8012,Thalamus-pulvinar,0.046875,0.1796875,0.9765625,1
8013,Thalamus-lateral-geniculate,0.79296875,0.7109375,0.55859375,1
8014,Thalamus-medial-geniculate,0.1640625,0.796875,0.65234375,1
8103,Left-AV,0.0,0.33203125,0.0,1
8104,Left-CeM,0.6640625,0.33203125,0.0,1
8105,Left-CL,0.0,0.6640625,0.0,1
8106,Left-CM,0.6640625,0.6640625,0.0,1
8108,Left-LD,0.6640625,0.99609375,0.0,1
8109,Left-LGN,0.0,0.0,0.49609375,1
8110,Left-LP,0.0,0.33203125,0.49609375,1
8111,Left-L-Sg,0.6640625,0.33203125,0.49609375,1
8112,Left-MDl,0.0,0.6640625,0.49609375,1
8113,Left-MDm,0.6640625,0.6640625,0.49609375,1
8115,Left-MGN,0.6640625,0.99609375,0.49609375,1
8116,Left-MV(Re),0.0,0.0,0.99609375,1
8117,Left-Pc,0.6640625,0.0,0.99609375,1
8118,Left-Pf,0.0,0.33203125,0.99609375,1
8119,Left-Pt,0.6640625,0.33203125,0.99609375,1
8120,Left-PuA,0.0,0.6640625,0.99609375,1
8121,Left-PuI,0.6640625,0.6640625,0.99609375,1
8122,Left-PuL,0.0,0.99609375,0.99609375,1
8123,Left-PuM,0.6640625,0.99609375,0.99609375,1
8125,Left-R,0.99609375,0.0,0.0,1
8126,Left-VA,0.33203125,0.33203125,0.0,1
8127,Left-VAmc,0.99609375,0.33203125,0.0,1
8128,Left-VLa,0.33203125,0.6640625,0.0,1
8129,Left-VLp,0.99609375,0.6640625,0.0,1
8130,Left-VM,0.33203125,0.99609375,0.0,1
8133,Left-VPL,0.99609375,0.0,0.99609375,1
8203,Right-AV,0.0,0.33203125,0.0,1
8204,Right-CeM,0.6640625,0.33203125,0.0,1
8205,Right-CL,0.0,0.6640625,0.0,1
8206,Right-CM,0.6640625,0.6640625,0.0,1
8208,Right-LD,0.6640625,0.99609375,0.0,1
8209,Right-LGN,0.0,0.0,0.49609375,1
8210,Right-LP,0.0,0.33203125,0.49609375,1
8211,Right-L-Sg,0.6640625,0.33203125,0.49609375,1
8212,Right-MDl,0.0,0.6640625,0.49609375,1
8213,Right-MDm,0.6640625,0.6640625,0.49609375,1
8215,Right-MGN,0.6640625,0.99609375,0.49609375,1
8216,Right-MV(Re),0.0,0.0,0.99609375,1
8217,Right-Pc,0.6640625,0.0,0.99609375,1
8218,Right-Pf,0.0,0.33203125,0.99609375,1
8219,Right-Pt,0.6640625,0.33203125,0.99609375,1
8220,Right-PuA,0.0,0.6640625,0.99609375,1
8221,Right-PuI,0.6640625,0.6640625,0.99609375,1
8222,Right-PuL,0.0,0.99609375,0.99609375,1
8223,Right-PuM,0.6640625,0.99609375,0.99609375,1
8225,Right-R,0.99609375,0.0,0.0,1
8226,Right-VA,0.33203125,0.33203125,0.0,1
8227,Right-VAmc,0.99609375,0.33203125,0.0,1
8228,Right-VLa,0.33203125,0.6640625,0.0,1
8229,Right-VLp,0.99609375,0.6640625,0.0,1
8230,Right-VM,0.33203125,0.99609375,0.0,1
8233,Right-VPL,0.99609375,0.0,0.99609375,1
9000,ctx-lh-prefrontal,0.1953125,0.390625,0.1171875,1
9001,ctx-lh-primary-motor,0.1171875,0.390625,0.17578125,1
9002,ctx-lh-premotor,0.5078125,0.390625,0.64453125,1
9003,ctx-lh-temporal,0.41015625,0.09765625,0.01953125,1
9004,ctx-lh-posterior-parietal,0.48828125,0.2734375,0.21484375,1
9005,ctx-lh-prim-sec-somatosensory,0.87890625,0.078125,0.41015625,1
9006,ctx-lh-occipital,0.87890625,0.078125,0.05859375,1
9500,ctx-rh-prefrontal,0.1953125,0.78125,0.1171875,1
9501,ctx-rh-primary-motor,0.1171875,0.5859375,0.17578125,1
9502,ctx-rh-premotor,0.5078125,0.5859375,0.64453125,1
9503,ctx-rh-temporal,0.41015625,0.29296875,0.01953125,1
9504,ctx-rh-posterior-parietal,0.48828125,0.46875,0.21484375,1
9505,ctx-rh-prim-sec-somatosensory,0.87890625,0.2734375,0.41015625,1
9506,ctx-rh-occipital,0.87890625,0.2734375,0.05859375,1
11100,ctx_lh_Unknown,0.0,0.0,0.0,0
11101,ctx_lh_G_and_S_frontomargin,0.08984375,0.859375,0.234375,1
11102,ctx_lh_G_and_S_occipital_inf,0.08984375,0.234375,0.703125,1
11103,ctx_lh_G_and_S_paracentral,0.24609375,0.390625,0.234375,1
11104,ctx_lh_G_and_S_subcentral,0.24609375,0.078125,0.859375,1
11105,ctx_lh_G_and_S_transv_frontopol,0.05078125,0.0,0.9765625,1
11106,ctx_lh_G_and_S_cingul-Ant,0.1015625,0.234375,0.0,1
11107,ctx_lh_G_and_S_cingul-Mid-Ant,0.1015625,0.234375,0.29296875,1
11108,ctx_lh_G_and_S_cingul-Mid-Post,0.1015625,0.234375,0.5859375,1
11109,ctx_lh_G_cingul-Post-dorsal,0.09765625,0.234375,0.9765625,1
11110,ctx_lh_G_cingul-Post-ventral,0.234375,0.09765625,0.09765625,1
11111,ctx_lh_G_cuneus,0.703125,0.078125,0.078125,1
11112,ctx_lh_G_front_inf-Opercular,0.859375,0.078125,0.390625,1
11113,ctx_lh_G_front_inf-Orbital,0.546875,0.234375,0.234375,1
11114,ctx_lh_G_front_inf-Triangul,0.703125,0.859375,0.546875,1
11115,ctx_lh_G_front_middle,0.546875,0.390625,0.703125,1
11116,ctx_lh_G_front_sup,0.703125,0.078125,0.546875,1
11117,ctx_lh_G_Ins_lg_and_S_cent_ins,0.08984375,0.0390625,0.0390625,1
11118,ctx_lh_G_insular_short,0.87890625,0.546875,0.546875,1
11119,ctx_lh_G_occipital_middle,0.703125,0.234375,0.703125,1
11120,ctx_lh_G_occipital_sup,0.078125,0.859375,0.234375,1
11121,ctx_lh_G_oc-temp_lat-fusifor,0.234375,0.078125,0.546875,1
11122,ctx_lh_G_oc-temp_med-Lingual,0.859375,0.703125,0.546875,1
11123,ctx_lh_G_oc-temp_med-Parahip,0.25390625,0.390625,0.078125,1
11124,ctx_lh_G_orbital,0.859375,0.234375,0.078125,1
11125,ctx_lh_G_pariet_inf-Angular,0.078125,0.234375,0.859375,1
11126,ctx_lh_G_pariet_inf-Supramar,0.390625,0.390625,0.234375,1
11127,ctx_lh_G_parietal_sup,0.859375,0.703125,0.859375,1
11128,ctx_lh_G_postcentral,0.078125,0.703125,0.546875,1
11129,ctx_lh_G_precentral,0.234375,0.546875,0.703125,1
11130,ctx_lh_G_precuneus,0.09765625,0.078125,0.546875,1
11131,ctx_lh_G_rectus,0.078125,0.234375,0.390625,1
11132,ctx_lh_G_subcallosal,0.234375,0.859375,0.078125,1
11133,ctx_lh_G_temp_sup-G_T_transv,0.234375,0.234375,0.859375,1
11134,ctx_lh_G_temp_sup-Lateral,0.859375,0.234375,0.859375,1
11135,ctx_lh_G_temp_sup-Plan_polar,0.25390625,0.859375,0.234375,1
11136,ctx_lh_G_temp_sup-Plan_tempo,0.09765625,0.546875,0.078125,1
11137,ctx_lh_G_temporal_inf,0.859375,0.859375,0.390625,1
11138,ctx_lh_G_temporal_middle,0.703125,0.234375,0.234375,1
11139,ctx_lh_Lat_Fis-ant-Horizont,0.23828125,0.078125,0.859375,1
11140,ctx_lh_Lat_Fis-ant-Vertical,0.23828125,0.078125,0.234375,1
11141,ctx_lh_Lat_Fis-post,0.23828125,0.234375,0.390625,1
11142,ctx_lh_Medial_wall,0.09765625,0.09765625,0.09765625,1
11143,ctx_lh_Pole_occipital,0.546875,0.078125,0.234375,1
11144,ctx_lh_Pole_temporal,0.859375,0.703125,0.078125,1
11145,ctx_lh_S_calcarine,0.24609375,0.703125,0.703125,1
11146,ctx_lh_S_central,0.86328125,0.078125,0.0390625,1
11147,ctx_lh_S_cingul-Marginalis,0.86328125,0.078125,0.390625,1
11148,ctx_lh_S_circular_insula_ant,0.86328125,0.234375,0.546875,1
11149,ctx_lh_S_circular_insula_inf,0.86328125,0.078125,0.859375,1
11150,ctx_lh_S_circular_insula_sup,0.23828125,0.859375,0.859375,1
11151,ctx_lh_S_collat_transv_ant,0.390625,0.78125,0.78125,1
11152,ctx_lh_S_collat_transv_post,0.0390625,0.78125,0.78125,1
11153,ctx_lh_S_front_inf,0.86328125,0.859375,0.078125,1
11154,ctx_lh_S_front_middle,0.55078125,0.078125,0.390625,1
11155,ctx_lh_S_front_sup,0.23828125,0.859375,0.390625,1
11156,ctx_lh_S_interm_prim-Jensen,0.55078125,0.234375,0.078125,1
11157,ctx_lh_S_intrapariet_and_P_trans,0.55859375,0.078125,0.859375,1
11158,ctx_lh_S_oc_middle_and_Lunatus,0.39453125,0.234375,0.859375,1
11159,ctx_lh_S_oc_sup_and_transversal,0.08203125,0.078125,0.546875,1
11160,ctx_lh_S_occipital_ant,0.23828125,0.078125,0.703125,1
11161,ctx_lh_S_oc-temp_lat,0.86328125,0.546875,0.078125,1
11162,ctx_lh_S_oc-temp_med_and_Lingual,0.55078125,0.390625,0.859375,1
11163,ctx_lh_S_orbital_lateral,0.86328125,0.390625,0.078125,1
11164,ctx_lh_S_orbital_med-olfact,0.70703125,0.78125,0.078125,1
11165,ctx_lh_S_orbital-H_Shaped,0.39453125,0.078125,0.078125,1
11166,ctx_lh_S_parieto_occipital,0.39453125,0.390625,0.703125,1
11167,ctx_lh_S_pericallosal,0.70703125,0.859375,0.078125,1
11168,ctx_lh_S_postcentral,0.08203125,0.546875,0.78125,1
11169,ctx_lh_S_precentral-inf-part,0.08203125,0.078125,0.9375,1
11170,ctx_lh_S_precentral-sup-part,0.08203125,0.078125,0.78125,1
11171,ctx_lh_S_suborbital,0.08203125,0.078125,0.234375,1
11172,ctx_lh_S_subparietal,0.39453125,0.234375,0.234375,1
11173,ctx_lh_S_temporal_inf,0.08203125,0.703125,0.703125,1
11174,ctx_lh_S_temporal_sup,0.87109375,0.859375,0.234375,1
11175,ctx_lh_S_temporal_transverse,0.86328125,0.234375,0.234375,1
12100,ctx_rh_Unknown,0.0,0.0,0.0,0
12101,ctx_rh_G_and_S_frontomargin,0.08984375,0.859375,0.234375,1
12102,ctx_rh_G_and_S_occipital_inf,0.08984375,0.234375,0.703125,1
12103,ctx_rh_G_and_S_paracentral,0.24609375,0.390625,0.234375,1
12104,ctx_rh_G_and_S_subcentral,0.24609375,0.078125,0.859375,1
12105,ctx_rh_G_and_S_transv_frontopol,0.05078125,0.0,0.9765625,1
12106,ctx_rh_G_and_S_cingul-Ant,0.1015625,0.234375,0.0,1
12107,ctx_rh_G_and_S_cingul-Mid-Ant,0.1015625,0.234375,0.29296875,1
12108,ctx_rh_G_and_S_cingul-Mid-Post,0.1015625,0.234375,0.5859375,1
12109,ctx_rh_G_cingul-Post-dorsal,0.09765625,0.234375,0.9765625,1
12110,ctx_rh_G_cingul-Post-ventral,0.234375,0.09765625,0.09765625,1
12111,ctx_rh_G_cuneus,0.703125,0.078125,0.078125,1
12112,ctx_rh_G_front_inf-Opercular,0.859375,0.078125,0.390625,1
12113,ctx_rh_G_front_inf-Orbital,0.546875,0.234375,0.234375,1
12114,ctx_rh_G_front_inf-Triangul,0.703125,0.859375,0.546875,1
12115,ctx_rh_G_front_middle,0.546875,0.390625,0.703125,1
12116,ctx_rh_G_front_sup,0.703125,0.078125,0.546875,1
12117,ctx_rh_G_Ins_lg_and_S_cent_ins,0.08984375,0.0390625,0.0390625,1
12118,ctx_rh_G_insular_short,0.87890625,0.546875,0.546875,1
12119,ctx_rh_G_occipital_middle,0.703125,0.234375,0.703125,1
12120,ctx_rh_G_occipital_sup,0.078125,0.859375,0.234375,1
12121,ctx_rh_G_oc-temp_lat-fusifor,0.234375,0.078125,0.546875,1
12122,ctx_rh_G_oc-temp_med-Lingual,0.859375,0.703125,0.546875,1
12123,ctx_rh_G_oc-temp_med-Parahip,0.25390625,0.390625,0.078125,1
12124,ctx_rh_G_orbital,0.859375,0.234375,0.078125,1
12125,ctx_rh_G_pariet_inf-Angular,0.078125,0.234375,0.859375,1
12126,ctx_rh_G_pariet_inf-Supramar,0.390625,0.390625,0.234375,1
12127,ctx_rh_G_parietal_sup,0.859375,0.703125,0.859375,1
12128,ctx_rh_G_postcentral,0.078125,0.703125,0.546875,1
12129,ctx_rh_G_precentral,0.234375,0.546875,0.703125,1
12130,ctx_rh_G_precuneus,0.09765625,0.078125,0.546875,1
12131,ctx_rh_G_rectus,0.078125,0.234375,0.390625,1
12132,ctx_rh_G_subcallosal,0.234375,0.859375,0.078125,1
12133,ctx_rh_G_temp_sup-G_T_transv,0.234375,0.234375,0.859375,1
12134,ctx_rh_G_temp_sup-Lateral,0.859375,0.234375,0.859375,1
12135,ctx_rh_G_temp_sup-Plan_polar,0.25390625,0.859375,0.234375,1
12136,ctx_rh_G_temp_sup-Plan_tempo,0.09765625,0.546875,0.078125,1
12137,ctx_rh_G_temporal_inf,0.859375,0.859375,0.390625,1
12138,ctx_rh_G_temporal_middle,0.703125,0.234375,0.234375,1
12139,ctx_rh_Lat_Fis-ant-Horizont,0.23828125,0.078125,0.859375,1
12140,ctx_rh_Lat_Fis-ant-Vertical,0.23828125,0.078125,0.234375,1
12141,ctx_rh_Lat_Fis-post,0.23828125,0.234375,0.390625,1
12142,ctx_rh_Medial_wall,0.09765625,0.09765625,0.09765625,1
12143,ctx_rh_Pole_occipital,0.546875,0.078125,0.234375,1
12144,ctx_rh_Pole_temporal,0.859375,0.703125,0.078125,1
12145,ctx_rh_S_calcarine,0.24609375,0.703125,0.703125,1
12146,ctx_rh_S_central,0.86328125,0.078125,0.0390625,1
12147,ctx_rh_S_cingul-Marginalis,0.86328125,0.078125,0.390625,1
12148,ctx_rh_S_circular_insula_ant,0.86328125,0.234375,0.546875,1
12149,ctx_rh_S_circular_insula_inf,0.86328125,0.078125,0.859375,1
12150,ctx_rh_S_circular_insula_sup,0.23828125,0.859375,0.859375,1
12151,ctx_rh_S_collat_transv_ant,0.390625,0.78125,0.78125,1
12152,ctx_rh_S_collat_transv_post,0.0390625,0.78125,0.78125,1
12153,ctx_rh_S_front_inf,0.86328125,0.859375,0.078125,1
12154,ctx_rh_S_front_middle,0.55078125,0.078125,0.390625,1
12155,ctx_rh_S_front_sup,0.23828125,0.859375,0.390625,1
12156,ctx_rh_S_interm_prim-Jensen,0.55078125,0.234375,0.078125,1
12157,ctx_rh_S_intrapariet_and_P_trans,0.55859375,0.078125,0.859375,1
12158,ctx_rh_S_oc_middle_and_Lunatus,0.39453125,0.234375,0.859375,1
12159,ctx_rh_S_oc_sup_and_transversal,0.08203125,0.078125,0.546875,1
12160,ctx_rh_S_occipital_ant,0.23828125,0.078125,0.703125,1
12161,ctx_rh_S_oc-temp_lat,0.86328125,0.546875,0.078125,1
12162,ctx_rh_S_oc-temp_med_and_Lingual,0.55078125,0.390625,0.859375,1
12163,ctx_rh_S_orbital_lateral,0.86328125,0.390625,0.078125,1
12164,ctx_rh_S_orbital_med-olfact,0.70703125,0.78125,0.078125,1
12165,ctx_rh_S_orbital-H_Shaped,0.39453125,0.078125,0.078125,1
12166,ctx_rh_S_parieto_occipital,0.39453125,0.390625,0.703125,1
12167,ctx_rh_S_pericallosal,0.70703125,0.859375,0.078125,1
12168,ctx_rh_S_postcentral,0.08203125,0.546875,0.78125,1
12169,ctx_rh_S_precentral-inf-part,0.08203125,0.078125,0.9375,1
12170,ctx_rh_S_precentral-sup-part,0.08203125,0.078125,0.78125,1
12171,ctx_rh_S_suborbital,0.08203125,0.078125,0.234375,1
12172,ctx_rh_S_subparietal,0.39453125,0.234375,0.234375,1
12173,ctx_rh_S_temporal_inf,0.08203125,0.703125,0.703125,1
12174,ctx_rh_S_temporal_sup,0.87109375,0.859375,0.234375,1
12175,ctx_rh_S_temporal_transverse,0.86328125,0.234375,0.234375,1
13100,wm_lh_Unknown,0.0,0.0,0.0,0
13101,wm_lh_G_and_S_frontomargin,0.08984375,0.859375,0.234375,1
13102,wm_lh_G_and_S_occipital_inf,0.08984375,0.234375,0.703125,1
13103,wm_lh_G_and_S_paracentral,0.24609375,0.390625,0.234375,1
13104,wm_lh_G_and_S_subcentral,0.24609375,0.078125,0.859375,1
13105,wm_lh_G_and_S_transv_frontopol,0.05078125,0.0,0.9765625,1
13106,wm_lh_G_and_S_cingul-Ant,0.1015625,0.234375,0.0,1
13107,wm_lh_G_and_S_cingul-Mid-Ant,0.1015625,0.234375,0.29296875,1
13108,wm_lh_G_and_S_cingul-Mid-Post,0.1015625,0.234375,0.5859375,1
13109,wm_lh_G_cingul-Post-dorsal,0.09765625,0.234375,0.9765625,1
13110,wm_lh_G_cingul-Post-ventral,0.234375,0.09765625,0.09765625,1
13111,wm_lh_G_cuneus,0.703125,0.078125,0.078125,1
13112,wm_lh_G_front_inf-Opercular,0.859375,0.078125,0.390625,1
13113,wm_lh_G_front_inf-Orbital,0.546875,0.234375,0.234375,1
13114,wm_lh_G_front_inf-Triangul,0.703125,0.859375,0.546875,1
13115,wm_lh_G_front_middle,0.546875,0.390625,0.703125,1
13116,wm_lh_G_front_sup,0.703125,0.078125,0.546875,1
13117,wm_lh_G_Ins_lg_and_S_cent_ins,0.08984375,0.0390625,0.0390625,1
13118,wm_lh_G_insular_short,0.87890625,0.546875,0.546875,1
13119,wm_lh_G_occipital_middle,0.703125,0.234375,0.703125,1
13120,wm_lh_G_occipital_sup,0.078125,0.859375,0.234375,1
13121,wm_lh_G_oc-temp_lat-fusifor,0.234375,0.078125,0.546875,1
13122,wm_lh_G_oc-temp_med-Lingual,0.859375,0.703125,0.546875,1
13123,wm_lh_G_oc-temp_med-Parahip,0.25390625,0.390625,0.078125,1
13124,wm_lh_G_orbital,0.859375,0.234375,0.078125,1
13125,wm_lh_G_pariet_inf-Angular,0.078125,0.234375,0.859375,1
13126,wm_lh_G_pariet_inf-Supramar,0.390625,0.390625,0.234375,1
13127,wm_lh_G_parietal_sup,0.859375,0.703125,0.859375,1
13128,wm_lh_G_postcentral,0.078125,0.703125,0.546875,1
13129,wm_lh_G_precentral,0.234375,0.546875,0.703125,1
13130,wm_lh_G_precuneus,0.09765625,0.078125,0.546875,1
13131,wm_lh_G_rectus,0.078125,0.234375,0.390625,1
13132,wm_lh_G_subcallosal,0.234375,0.859375,0.078125,1
13133,wm_lh_G_temp_sup-G_T_transv,0.234375,0.234375,0.859375,1
13134,wm_lh_G_temp_sup-Lateral,0.859375,0.234375,0.859375,1
13135,wm_lh_G_temp_sup-Plan_polar,0.25390625,0.859375,0.234375,1
13136,wm_lh_G_temp_sup-Plan_tempo,0.09765625,0.546875,0.078125,1
13137,wm_lh_G_temporal_inf,0.859375,0.859375,0.390625,1
13138,wm_lh_G_temporal_middle,0.703125,0.234375,0.234375,1
13139,wm_lh_Lat_Fis-ant-Horizont,0.23828125,0.078125,0.859375,1
13140,wm_lh_Lat_Fis-ant-Vertical,0.23828125,0.078125,0.234375,1
13141,wm_lh_Lat_Fis-post,0.23828125,0.234375,0.390625,1
13142,wm_lh_Medial_wall,0.09765625,0.09765625,0.09765625,1
13143,wm_lh_Pole_occipital,0.546875,0.078125,0.234375,1
13144,wm_lh_Pole_temporal,0.859375,0.703125,0.078125,1
13145,wm_lh_S_calcarine,0.24609375,0.703125,0.703125,1
13146,wm_lh_S_central,0.86328125,0.078125,0.0390625,1
13147,wm_lh_S_cingul-Marginalis,0.86328125,0.078125,0.390625,1
13148,wm_lh_S_circular_insula_ant,0.86328125,0.234375,0.546875,1
13149,wm_lh_S_circular_insula_inf,0.86328125,0.078125,0.859375,1
13150,wm_lh_S_circular_insula_sup,0.23828125,0.859375,0.859375,1
13151,wm_lh_S_collat_transv_ant,0.390625,0.78125,0.78125,1
13152,wm_lh_S_collat_transv_post,0.0390625,0.78125,0.78125,1
13153,wm_lh_S_front_inf,0.86328125,0.859375,0.078125,1
13154,wm_lh_S_front_middle,0.55078125,0.078125,0.390625,1
13155,wm_lh_S_front_sup,0.23828125,0.859375,0.390625,1
13156,wm_lh_S_interm_prim-Jensen,0.55078125,0.234375,0.078125,1
13157,wm_lh_S_intrapariet_and_P_trans,0.55859375,0.078125,0.859375,1
13158,wm_lh_S_oc_middle_and_Lunatus,0.39453125,0.234375,0.859375,1
13159,wm_lh_S_oc_sup_and_transversal,0.08203125,0.078125,0.546875,1
13160,wm_lh_S_occipital_ant,0.23828125,0.078125,0.703125,1
13161,wm_lh_S_oc-temp_lat,0.86328125,0.546875,0.078125,1
13162,wm_lh_S_oc-temp_med_and_Lingual,0.55078125,0.390625,0.859375,1
13163,wm_lh_S_orbital_lateral,0.86328125,0.390625,0.078125,1
13164,wm_lh_S_orbital_med-olfact,0.70703125,0.78125,0.078125,1
13165,wm_lh_S_orbital-H_Shaped,0.39453125,0.078125,0.078125,1
13166,wm_lh_S_parieto_occipital,0.39453125,0.390625,0.703125,1
13167,wm_lh_S_pericallosal,0.70703125,0.859375,0.078125,1
13168,wm_lh_S_postcentral,0.08203125,0.546875,0.78125,1
13169,wm_lh_S_precentral-inf-part,0.08203125,0.078125,0.9375,1
13170,wm_lh_S_precentral-sup-part,0.08203125,0.078125,0.78125,1
13171,wm_lh_S_suborbital,0.08203125,0.078125,0.234375,1
13172,wm_lh_S_subparietal,0.39453125,0.234375,0.234375,1
13173,wm_lh_S_temporal_inf,0.08203125,0.703125,0.703125,1
13174,wm_lh_S_temporal_sup,0.87109375,0.859375,0.234375,1
13175,wm_lh_S_temporal_transverse,0.86328125,0.234375,0.234375,1
14100,wm_rh_Unknown,0.0,0.0,0.0,0
14101,wm_rh_G_and_S_frontomargin,0.08984375,0.859375,0.234375,1
14102,wm_rh_G_and_S_occipital_inf,0.08984375,0.234375,0.703125,1
14103,wm_rh_G_and_S_paracentral,0.24609375,0.390625,0.234375,1
14104,wm_rh_G_and_S_subcentral,0.24609375,0.078125,0.859375,1
14105,wm_rh_G_and_S_transv_frontopol,0.05078125,0.0,0.9765625,1
14106,wm_rh_G_and_S_cingul-Ant,0.1015625,0.234375,0.0,1
14107,wm_rh_G_and_S_cingul-Mid-Ant,0.1015625,0.234375,0.29296875,1
14108,wm_rh_G_and_S_cingul-Mid-Post,0.1015625,0.234375,0.5859375,1
14109,wm_rh_G_cingul-Post-dorsal,0.09765625,0.234375,0.9765625,1
14110,wm_rh_G_cingul-Post-ventral,0.234375,0.09765625,0.09765625,1
14111,wm_rh_G_cuneus,0.703125,0.078125,0.078125,1
14112,wm_rh_G_front_inf-Opercular,0.859375,0.078125,0.390625,1
14113,wm_rh_G_front_inf-Orbital,0.546875,0.234375,0.234375,1
14114,wm_rh_G_front_inf-Triangul,0.703125,0.859375,0.546875,1
14115,wm_rh_G_front_middle,0.546875,0.390625,0.703125,1
14116,wm_rh_G_front_sup,0.703125,0.078125,0.546875,1
14117,wm_rh_G_Ins_lg_and_S_cent_ins,0.08984375,0.0390625,0.0390625,1
14118,wm_rh_G_insular_short,0.87890625,0.546875,0.546875,1
14119,wm_rh_G_occipital_middle,0.703125,0.234375,0.703125,1
14120,wm_rh_G_occipital_sup,0.078125,0.859375,0.234375,1
14121,wm_rh_G_oc-temp_lat-fusifor,0.234375,0.078125,0.546875,1
14122,wm_rh_G_oc-temp_med-Lingual,0.859375,0.703125,0.546875,1
14123,wm_rh_G_oc-temp_med-Parahip,0.25390625,0.390625,0.078125,1
14124,wm_rh_G_orbital,0.859375,0.234375,0.078125,1
14125,wm_rh_G_pariet_inf-Angular,0.078125,0.234375,0.859375,1
14126,wm_rh_G_pariet_inf-Supramar,0.390625,0.390625,0.234375,1
14127,wm_rh_G_parietal_sup,0.859375,0.703125,0.859375,1
14128,wm_rh_G_postcentral,0.078125,0.703125,0.546875,1
14129,wm_rh_G_precentral,0.234375,0.546875,0.703125,1
14130,wm_rh_G_precuneus,0.09765625,0.078125,0.546875,1
14131,wm_rh_G_rectus,0.078125,0.234375,0.390625,1
14132,wm_rh_G_subcallosal,0.234375,0.859375,0.078125,1
14133,wm_rh_G_temp_sup-G_T_transv,0.234375,0.234375,0.859375,1
14134,wm_rh_G_temp_sup-Lateral,0.859375,0.234375,0.859375,1
14135,wm_rh_G_temp_sup-Plan_polar,0.25390625,0.859375,0.234375,1
14136,wm_rh_G_temp_sup-Plan_tempo,0.09765625,0.546875,0.078125,1
14137,wm_rh_G_temporal_inf,0.859375,0.859375,0.390625,1
14138,wm_rh_G_temporal_middle,0.703125,0.234375,0.234375,1
14139,wm_rh_Lat_Fis-ant-Horizont,0.23828125,0.078125,0.859375,1
14140,wm_rh_Lat_Fis-ant-Vertical,0.23828125,0.078125,0.234375,1
14141,wm_rh_Lat_Fis-post,0.23828125,0.234375,0.390625,1
14142,wm_rh_Medial_wall,0.09765625,0.09765625,0.09765625,1
14143,wm_rh_Pole_occipital,0.546875,0.078125,0.234375,1
14144,wm_rh_Pole_temporal,0.859375,0.703125,0.078125,1
14145,wm_rh_S_calcarine,0.24609375,0.703125,0.703125,1
14146,wm_rh_S_central,0.86328125,0.078125,0.0390625,1
14147,wm_rh_S_cingul-Marginalis,0.86328125,0.078125,0.390625,1
14148,wm_rh_S_circular_insula_ant,0.86328125,0.234375,0.546875,1
14149,wm_rh_S_circular_insula_inf,0.86328125,0.078125,0.859375,1
14150,wm_rh_S_circular_insula_sup,0.23828125,0.859375,0.859375,1
14151,wm_rh_S_collat_transv_ant,0.390625,0.78125,0.78125,1
14152,wm_rh_S_collat_transv_post,0.0390625,0.78125,0.78125,1
14153,wm_rh_S_front_inf,0.86328125,0.859375,0.078125,1
14154,wm_rh_S_front_middle,0.55078125,0.078125,0.390625,1
14155,wm_rh_S_front_sup,0.23828125,0.859375,0.390625,1
14156,wm_rh_S_interm_prim-Jensen,0.55078125,0.234375,0.078125,1
14157,wm_rh_S_intrapariet_and_P_trans,0.55859375,0.078125,0.859375,1
14158,wm_rh_S_oc_middle_and_Lunatus,0.39453125,0.234375,0.859375,1
14159,wm_rh_S_oc_sup_and_transversal,0.08203125,0.078125,0.546875,1
14160,wm_rh_S_occipital_ant,0.23828125,0.078125,0.703125,1
14161,wm_rh_S_oc-temp_lat,0.86328125,0.546875,0.078125,1
14162,wm_rh_S_oc-temp_med_and_Lingual,0.55078125,0.390625,0.859375,1
14163,wm_rh_S_orbital_lateral,0.86328125,0.390625,0.078125,1
14164,wm_rh_S_orbital_med-olfact,0.70703125,0.78125,0.078125,1
14165,wm_rh_S_orbital-H_Shaped,0.39453125,0.078125,0.078125,1
14166,wm_rh_S_parieto_occipital,0.39453125,0.390625,0.703125,1
14167,wm_rh_S_pericallosal,0.70703125,0.859375,0.078125,1
14168,wm_rh_S_postcentral,0.08203125,0.546875,0.78125,1
14169,wm_rh_S_precentral-inf-part,0.08203125,0.078125,0.9375,1
14170,wm_rh_S_precentral-sup-part,0.08203125,0.078125,0.78125,1
14171,wm_rh_S_suborbital,0.08203125,0.078125,0.234375,1
14172,wm_rh_S_subparietal,0.39453125,0.234375,0.234375,1
14173,wm_rh_S_temporal_inf,0.08203125,0.703125,0.703125,1
14174,wm_rh_S_temporal_sup,0.87109375,0.859375,0.234375,1
14175,wm_rh_S_temporal_transverse,0.86328125,0.234375,0.234375,1
